,DATETIMEDATA,PM25,PM10,O3,CO,NO2,SO2,WS,TEMP,RH,WD
0,2024-01-01 00:00:00,11.9,21.0,,,,,0,22,93,121
1,2024-01-01 01:00:00,12.8,23.0,,,,,0,21,94,177
2,2024-01-01 02:00:00,11.9,21.0,,,,,0,21,95,242
3,2024-01-01 03:00:00,10.4,20.0,,,,,0,21,96,197
4,2024-01-01 04:00:00,12.8,28.0,,,,,0,20,96,128
5,2024-01-01 05:00:00,12.7,28.0,,,,,0,20,96,187
6,2024-01-01 06:00:00,10.2,24.0,,,,,0,20,97,125
7,2024-01-01 07:00:00,10.6,25.0,,,,,1,21,96,152
8,2024-01-01 08:00:00,12.2,29.0,,,,,1,24,85,94
9,2024-01-01 09:00:00,10.8,26.0,,,,,1,28,69,117
10,2024-01-01 10:00:00,9.6,23.0,,,,,1,29,62,100
11,2024-01-01 11:00:00,11.4,27.0,,,,,2,30,59,98
12,2024-01-01 12:00:00,11.9,28.0,,,,,1,33,51,118
13,2024-01-01 13:00:00,13.2,31.0,,,,,1,32,53,86
14,2024-01-01 14:00:00,11.5,28.0,,,,,1,32,53,98
15,2024-01-01 15:00:00,10.0,24.0,,,,,1,34,48,110
16,2024-01-01 16:00:00,9.4,22.0,,,,,1,33,49,88
17,2024-01-01 17:00:00,9.4,20.0,,,,,1,30,58,92
18,2024-01-01 18:00:00,7.8,19.0,,,,,1,28,66,96
19,2024-01-01 19:00:00,7.4,18.0,,,,,0,26,75,168
20,2024-01-01 20:00:00,9.6,19.0,,,,,0,25,80,187
21,2024-01-01 21:00:00,7.2,17.0,,,,,0,24,84,220
22,2024-01-01 22:00:00,7.3,18.0,,,,,0,23,88,183
23,2024-01-01 23:00:00,11.3,22.0,,,,,0,23,90,150
24,2024-01-02 00:00:00,9.2,19.0,,,,,0,22,91,164
25,2024-01-02 01:00:00,9.4,20.0,,,,,0,22,93,136
26,2024-01-02 02:00:00,8.5,18.0,,,,,1,21,94,145
27,2024-01-02 03:00:00,10.4,21.0,,,,,0,21,95,198
28,2024-01-02 04:00:00,12.4,22.0,,,,,0,21,95,155
29,2024-01-02 05:00:00,11.3,21.0,,,,,0,21,95,162
30,2024-01-02 06:00:00,11.4,21.0,,,,,0,21,96,118
31,2024-01-02 07:00:00,9.4,18.0,,,,,0,22,96,126
32,2024-01-02 08:00:00,8.8,19.0,,,,,1,24,91,126
33,2024-01-02 09:00:00,9.3,22.0,,,,,1,27,76,132
34,2024-01-02 10:00:00,11.4,27.0,,,,,1,29,63,110
35,2024-01-02 11:00:00,14.7,35.0,,,,,1,31,59,108
36,2024-01-02 12:00:00,14.4,35.0,,,,,1,32,56,97
37,2024-01-02 13:00:00,12.6,30.0,,,,,2,32,58,81
38,2024-01-02 14:00:00,10.8,26.0,,,,,2,32,54,81
39,2024-01-02 15:00:00,9.4,23.0,,,,,2,33,51,105
40,2024-01-02 16:00:00,10.6,21.0,,,,,2,31,58,100
41,2024-01-02 17:00:00,8.9,19.0,,,,,2,29,64,83
42,2024-01-02 18:00:00,7.5,18.0,,,,,1,28,70,71
43,2024-01-02 19:00:00,7.2,17.0,,,,,1,27,73,83
44,2024-01-02 20:00:00,9.6,18.0,,,,,1,26,76,68
45,2024-01-02 21:00:00,9.8,19.0,,,,,1,25,79,60
46,2024-01-02 22:00:00,7.8,19.0,,,,,1,25,81,95
47,2024-01-02 23:00:00,8.8,19.0,,,,,0,24,86,142
48,2024-01-03 00:00:00,10.5,20.0,,,,,0,23,91,171
49,2024-01-03 01:00:00,10.4,20.0,,,,,0,22,93,163
50,2024-01-03 02:00:00,9.1,19.0,,,,,1,22,93,174
51,2024-01-03 03:00:00,9.9,19.0,,,,,0,21,94,220
52,2024-01-03 04:00:00,8.7,18.0,,,,,0,21,94,173
53,2024-01-03 05:00:00,8.4,18.0,,,,,0,21,95,160
54,2024-01-03 06:00:00,10.2,20.0,,,,,0,20,96,131
55,2024-01-03 07:00:00,8.4,15.0,,,,,0,21,95,184
56,2024-01-03 08:00:00,7.7,17.0,,,,,1,24,86,115
57,2024-01-03 09:00:00,7.1,17.0,,,,,1,27,75,117
58,2024-01-03 10:00:00,6.8,16.0,,,,,1,29,64,112
59,2024-01-03 11:00:00,11.3,27.0,,,,,2,31,58,116
60,2024-01-03 12:00:00,11.8,28.0,,,,,1,32,56,101
61,2024-01-03 13:00:00,10.4,25.0,,,,,1,34,49,125
62,2024-01-03 14:00:00,9.4,23.0,,,,,2,32,54,77
63,2024-01-03 15:00:00,8.4,20.0,,,,,2,31,55,80
64,2024-01-03 16:00:00,8.7,18.0,,,,,1,31,57,80
65,2024-01-03 17:00:00,7.2,17.0,,,,,1,29,64,69
66,2024-01-03 18:00:00,7.9,17.0,,,,,1,27,70,113
67,2024-01-03 19:00:00,9.6,18.0,,,,,1,26,77,169
68,2024-01-03 20:00:00,8.6,16.0,,,,,1,25,82,154
69,2024-01-03 21:00:00,9.9,18.0,,,,,1,24,86,178
70,2024-01-03 22:00:00,10.8,20.0,,,,,0,23,90,162
71,2024-01-03 23:00:00,8.7,17.0,,,,,1,23,93,149
72,2024-01-04 00:00:00,7.9,17.0,,,,,1,22,93,183
73,2024-01-04 01:00:00,10.3,20.0,,,,,1,22,95,174
74,2024-01-04 02:00:00,9.7,18.0,,,,,1,22,95,120
75,2024-01-04 03:00:00,8.1,17.0,,,,,1,22,94,175
76,2024-01-04 04:00:00,8.8,18.0,,,,,1,21,95,202
77,2024-01-04 05:00:00,7.6,16.0,,,,,0,21,95,173
78,2024-01-04 06:00:00,7.5,16.0,,,,,0,21,95,174
79,2024-01-04 07:00:00,8.7,17.0,,,,,1,22,93,144
80,2024-01-04 08:00:00,10.9,26.0,,,,,1,25,83,89
81,2024-01-04 09:00:00,10.6,25.0,,,,,1,28,69,96
82,2024-01-04 10:00:00,10.6,25.0,,,,,1,29,61,112
83,2024-01-04 11:00:00,14.3,34.0,,,,,2,31,54,105
84,2024-01-04 12:00:00,12.4,30.0,,,,,1,33,48,126
85,2024-01-04 13:00:00,13.4,32.0,,,,,1,33,48,107
86,2024-01-04 14:00:00,11.8,28.0,,,,,1,32,52,91
87,2024-01-04 15:00:00,10.3,25.0,,,,,1,32,53,97
88,2024-01-04 16:00:00,9.2,22.0,,,,,1,32,53,107
89,2024-01-04 17:00:00,8.6,20.0,,,,,2,30,58,78
90,2024-01-04 18:00:00,8.0,19.0,,,,,1,27,65,83
91,2024-01-04 19:00:00,10.7,20.0,,,,,1,26,69,61
92,2024-01-04 20:00:00,11.6,22.0,,,,,1,26,74,58
93,2024-01-04 21:00:00,10.4,20.0,,,,,1,25,79,126
94,2024-01-04 22:00:00,9.4,21.0,,,,,1,24,84,207
95,2024-01-04 23:00:00,13.1,31.0,,,,,1,23,87,181
96,2024-01-05 00:00:00,11.7,28.0,,,,,1,22,89,177
97,2024-01-05 01:00:00,11.5,25.0,,,,,1,22,88,196
98,2024-01-05 02:00:00,9.5,23.0,,,,,1,21,91,166
99,2024-01-05 03:00:00,8.7,21.0,,,,,1,21,93,205
100,2024-01-05 04:00:00,10.2,20.0,,,,,0,21,92,139
101,2024-01-05 05:00:00,8.8,19.0,,,,,0,21,94,147
102,2024-01-05 06:00:00,8.9,19.0,,,,,0,20,95,190
103,2024-01-05 07:00:00,9.6,21.0,,,,,0,21,94,139
104,2024-01-05 08:00:00,11.8,28.0,,,,,1,23,86,94
105,2024-01-05 09:00:00,11.0,26.0,,,,,1,26,73,80
106,2024-01-05 10:00:00,11.4,27.0,,,,,2,28,64,86
107,2024-01-05 11:00:00,14.9,36.0,,,,,2,30,58,96
108,2024-01-05 12:00:00,14.4,35.0,,,,,2,31,56,92
109,2024-01-05 13:00:00,17.0,41.0,,,,,1,32,55,97
110,2024-01-05 14:00:00,14.4,34.0,,,,,1,30,58,108
111,2024-01-05 15:00:00,12.4,30.0,,,,,1,31,59,124
112,2024-01-05 16:00:00,11.0,26.0,,,,,1,30,62,75
113,2024-01-05 17:00:00,10.0,24.0,,,,,1,28,65,73
114,2024-01-05 18:00:00,9.3,22.0,,,,,1,27,71,93
115,2024-01-05 19:00:00,10.5,23.0,,,,,1,25,79,84
116,2024-01-05 20:00:00,15.1,29.0,,,,,1,25,79,73
117,2024-01-05 21:00:00,13.2,27.0,,,,,1,24,80,85
118,2024-01-05 22:00:00,12.1,24.0,,,,,1,24,80,75
119,2024-01-05 23:00:00,12.3,26.0,,,,,0,23,83,159
120,2024-01-06 00:00:00,13.9,24.0,,,,,1,22,89,208
121,2024-01-06 01:00:00,15.3,26.0,,,,,1,22,91,176
122,2024-01-06 02:00:00,13.1,26.0,,,,,1,21,92,180
123,2024-01-06 03:00:00,12.1,24.0,,,,,1,21,94,168
124,2024-01-06 04:00:00,13.1,26.0,,,,,1,21,93,195
125,2024-01-06 05:00:00,13.1,26.0,,,,,1,21,94,153
126,2024-01-06 06:00:00,15.1,30.0,,,,,0,21,93,156
127,2024-01-06 07:00:00,14.1,26.0,,,,,0,21,92,186
128,2024-01-06 08:00:00,16.1,30.0,,,,,1,23,85,135
129,2024-01-06 09:00:00,17.2,29.0,,,,,1,25,80,104
130,2024-01-06 10:00:00,15.7,38.0,,,,,2,28,68,82
131,2024-01-06 11:00:00,16.5,39.0,,,,,2,29,62,106
132,2024-01-06 12:00:00,17.4,42.0,,,,,2,29,62,84
133,2024-01-06 13:00:00,15.0,36.0,,,,,2,27,72,88
134,2024-01-06 14:00:00,12.9,31.0,,,,,2,28,69,88
135,2024-01-06 15:00:00,14.2,29.0,,,,,2,27,68,87
136,2024-01-06 16:00:00,12.2,24.0,,,,,2,26,73,87
137,2024-01-06 17:00:00,10.7,23.0,,,,,1,26,77,79
138,2024-01-06 18:00:00,10.2,22.0,,,,,0,24,89,153
139,2024-01-06 19:00:00,12.2,24.0,,,,,0,23,94,147
140,2024-01-06 20:00:00,14.5,30.0,,,,,0,23,95,168
141,2024-01-06 21:00:00,13.1,27.0,,,,,1,23,96,149
142,2024-01-06 22:00:00,10.8,23.0,,,,,0,23,96,166
143,2024-01-06 23:00:00,8.9,21.0,,,,,0,23,96,151
144,2024-01-07 00:00:00,11.2,20.0,,,,,1,23,96,148
145,2024-01-07 01:00:00,11.7,23.0,,,,,1,23,96,135
146,2024-01-07 02:00:00,9.8,21.0,,,,,0,23,96,144
147,2024-01-07 03:00:00,8.1,19.0,,,,,1,23,96,102
148,2024-01-07 04:00:00,9.5,18.0,,,,,1,23,96,149
149,2024-01-07 05:00:00,8.5,18.0,,,,,1,23,96,199
150,2024-01-07 06:00:00,7.5,18.0,,,,,1,23,97,198
151,2024-01-07 07:00:00,7.7,18.0,,,,,0,23,96,200
152,2024-01-07 08:00:00,8.3,20.0,,,,,0,24,95,104
153,2024-01-07 09:00:00,10.4,22.0,,,,,1,25,89,106
154,2024-01-07 10:00:00,8.2,20.0,,,,,1,26,87,106
155,2024-01-07 11:00:00,9.9,21.0,,,,,1,27,83,115
156,2024-01-07 12:00:00,12.3,30.0,,,,,2,28,76,120
157,2024-01-07 13:00:00,11.4,27.0,,,,,1,27,79,128
158,2024-01-07 14:00:00,10.2,24.0,,,,,1,25,92,96
159,2024-01-07 15:00:00,9.3,22.0,,,,,1,25,93,114
160,2024-01-07 16:00:00,9.7,21.0,,,,,0,24,94,122
161,2024-01-07 17:00:00,8.3,20.0,,,,,1,24,93,104
162,2024-01-07 18:00:00,10.9,21.0,,,,,1,24,95,189
163,2024-01-07 19:00:00,11.8,22.0,,,,,0,24,96,127
164,2024-01-07 20:00:00,10.8,21.0,,,,,1,24,96,64
165,2024-01-07 21:00:00,9.5,20.0,,,,,1,23,96,63
166,2024-01-07 22:00:00,8.2,17.0,,,,,1,23,96,161
167,2024-01-07 23:00:00,7.8,16.0,,,,,0,22,96,228
168,2024-01-08 00:00:00,8.6,16.0,,,,,1,22,96,192
169,2024-01-08 01:00:00,7.4,15.0,,,,,1,22,97,174
170,2024-01-08 02:00:00,8.3,17.0,,,,,1,22,97,170
171,2024-01-08 03:00:00,7.4,15.0,,,,,1,22,97,192
172,2024-01-08 04:00:00,7.3,15.0,,,,,0,21,97,121
173,2024-01-08 05:00:00,10.9,22.0,,,,,1,22,97,213
174,2024-01-08 06:00:00,14.0,29.0,,,,,1,22,97,157
175,2024-01-08 07:00:00,16.7,34.0,,,,,1,23,96,124
176,2024-01-08 08:00:00,15.2,31.0,,,,,1,25,90,91
177,2024-01-08 09:00:00,12.8,26.0,,,,,1,27,78,81
178,2024-01-08 10:00:00,11.5,23.0,,,,,1,28,74,97
179,2024-01-08 11:00:00,10.0,20.0,,,,,1,30,66,130
180,2024-01-08 12:00:00,9.5,19.0,,,,,1,32,61,106
181,2024-01-08 13:00:00,9.1,19.0,,,,,1,31,62,136
182,2024-01-08 14:00:00,8.7,18.0,,,,,1,30,70,88
183,2024-01-08 15:00:00,8.3,17.0,,,,,1,31,63,75
184,2024-01-08 16:00:00,9.1,19.0,,,,,1,30,66,96
185,2024-01-08 17:00:00,8.9,18.0,,,,,2,28,72,82
186,2024-01-08 18:00:00,12.5,26.0,,,,,1,26,76,73
187,2024-01-08 19:00:00,13.7,28.0,,,,,1,26,80,82
188,2024-01-08 20:00:00,13.5,28.0,,,,,1,25,82,91
189,2024-01-08 21:00:00,11.6,24.0,,,,,1,25,84,68
190,2024-01-08 22:00:00,10.3,21.0,,,,,1,24,86,161
191,2024-01-08 23:00:00,9.2,19.0,,,,,1,23,91,217
192,2024-01-09 00:00:00,8.6,18.0,,,,,0,23,93,118
193,2024-01-09 01:00:00,8.2,17.0,,,,,1,22,94,202
194,2024-01-09 02:00:00,7.9,16.0,,,,,1,22,95,140
195,2024-01-09 03:00:00,7.6,16.0,,,,,1,22,96,216
196,2024-01-09 04:00:00,8.4,17.0,,,,,1,22,96,186
197,2024-01-09 05:00:00,8.8,18.0,,,,,0,22,96,192
198,2024-01-09 06:00:00,11.2,23.0,,,,,1,21,96,161
199,2024-01-09 07:00:00,14.2,29.0,,,,,0,22,96,145
200,2024-01-09 08:00:00,15.6,32.0,,,,,1,23,93,141
201,2024-01-09 09:00:00,13.4,27.0,,,,,1,26,82,157
202,2024-01-09 10:00:00,13.3,27.0,,,,,1,26,80,129
203,2024-01-09 11:00:00,14.3,28.0,,,,,1,28,76,144
204,2024-01-09 12:00:00,13.3,27.0,,,,,1,28,76,98
205,2024-01-09 13:00:00,13.3,27.0,,,,,2,27,76,79
206,2024-01-09 14:00:00,12.3,26.0,,,,,1,26,87,89
207,2024-01-09 15:00:00,10.7,22.0,,,,,1,25,88,66
208,2024-01-09 16:00:00,9.1,19.0,,,,,1,25,91,78
209,2024-01-09 17:00:00,8.5,17.0,,,,,0,24,94,116
210,2024-01-09 18:00:00,8.2,17.0,,,,,0,24,95,187
211,2024-01-09 19:00:00,10.1,21.0,,,,,0,24,95,128
212,2024-01-09 20:00:00,10.0,20.0,,,,,0,24,96,175
213,2024-01-09 21:00:00,9.1,19.0,,,,,0,23,96,118
214,2024-01-09 22:00:00,8.5,17.0,,,,,0,23,96,127
215,2024-01-09 23:00:00,11.1,20.0,,,,,0,23,96,141
216,2024-01-10 00:00:00,12.8,22.0,,,,,0,23,97,96
217,2024-01-10 01:00:00,9.6,18.0,,,,,0,23,97,90
218,2024-01-10 02:00:00,7.4,15.0,,,,,0,22,97,185
219,2024-01-10 03:00:00,8.3,15.0,,,,,0,22,97,148
220,2024-01-10 04:00:00,7.3,15.0,,,,,1,22,97,146
221,2024-01-10 05:00:00,8.2,16.0,,,,,1,22,97,105
222,2024-01-10 06:00:00,7.2,15.0,,,,,1,21,98,169
223,2024-01-10 07:00:00,7.2,15.0,,,,,1,22,98,203
224,2024-01-10 08:00:00,7.2,17.0,,,,,1,23,97,150
225,2024-01-10 09:00:00,8.1,17.0,,,,,1,24,96,166
226,2024-01-10 10:00:00,7.0,14.0,,,,,1,28,80,102
227,2024-01-10 11:00:00,8.7,18.0,,,,,1,30,65,103
228,2024-01-10 12:00:00,8.0,16.0,,,,,1,30,62,87
229,2024-01-10 13:00:00,8.0,16.0,,,,,1,32,56,109
230,2024-01-10 14:00:00,9.3,17.0,,,,,2,32,55,89
231,2024-01-10 15:00:00,10.2,19.0,,,,,2,33,52,118
232,2024-01-10 16:00:00,8.7,16.0,,,,,2,32,53,90
233,2024-01-10 17:00:00,9.6,20.0,,,,,1,30,61,73
234,2024-01-10 18:00:00,10.4,21.0,,,,,1,28,70,62
235,2024-01-10 19:00:00,12.5,24.0,,,,,1,26,75,132
236,2024-01-10 20:00:00,14.7,28.0,,,,,1,25,84,180
237,2024-01-10 21:00:00,14.1,24.0,,,,,1,24,88,166
238,2024-01-10 22:00:00,11.6,22.0,,,,,1,23,90,120
239,2024-01-10 23:00:00,9.4,19.0,,,,,0,22,93,176
240,2024-01-11 00:00:00,8.5,17.0,,,,,1,22,94,157
241,2024-01-11 01:00:00,10.8,20.0,,,,,1,22,93,195
242,2024-01-11 02:00:00,9.6,19.0,,,,,0,21,95,184
243,2024-01-11 03:00:00,7.3,15.0,,,,,0,22,95,175
244,2024-01-11 04:00:00,8.1,17.0,,,,,0,21,96,180
245,2024-01-11 05:00:00,10.3,20.0,,,,,0,21,96,122
246,2024-01-11 06:00:00,8.7,18.0,,,,,0,21,97,199
247,2024-01-11 07:00:00,11.4,23.0,,,,,1,21,96,162
248,2024-01-11 08:00:00,13.8,28.0,,,,,1,23,95,149
249,2024-01-11 09:00:00,13.4,25.0,,,,,1,25,88,146
250,2024-01-11 10:00:00,11.0,23.0,,,,,1,28,75,135
251,2024-01-11 11:00:00,10.9,20.0,,,,,1,29,68,114
252,2024-01-11 12:00:00,9.2,19.0,,,,,2,30,63,125
253,2024-01-11 13:00:00,8.9,18.0,,,,,2,32,58,97
254,2024-01-11 14:00:00,9.6,18.0,,,,,2,32,57,93
255,2024-01-11 15:00:00,8.6,18.0,,,,,2,33,54,91
256,2024-01-11 16:00:00,10.6,20.0,,,,,2,31,59,69
257,2024-01-11 17:00:00,15.7,32.0,,,,,2,29,65,87
258,2024-01-11 18:00:00,13.8,28.0,,,,,1,27,71,80
259,2024-01-11 19:00:00,14.3,29.0,,,,,1,26,76,74
260,2024-01-11 20:00:00,14.1,29.0,,,,,1,25,78,65
261,2024-01-11 21:00:00,11.9,24.0,,,,,1,24,82,96
262,2024-01-11 22:00:00,10.0,21.0,,,,,0,23,88,164
263,2024-01-11 23:00:00,8.6,18.0,,,,,0,22,91,221
264,2024-01-12 00:00:00,8.7,16.0,,,,,1,22,93,200
265,2024-01-12 01:00:00,7.1,14.0,,,,,0,21,94,251
266,2024-01-12 02:00:00,6.7,14.0,,,,,1,21,94,172
267,2024-01-12 03:00:00,7.3,15.0,,,,,0,21,94,178
268,2024-01-12 04:00:00,8.3,16.0,,,,,0,20,95,175
269,2024-01-12 05:00:00,8.5,18.0,,,,,0,20,96,181
270,2024-01-12 06:00:00,7.5,15.0,,,,,0,20,97,143
271,2024-01-12 07:00:00,7.8,16.0,,,,,0,21,96,105
272,2024-01-12 08:00:00,10.4,21.0,,,,,1,23,90,117
273,2024-01-12 09:00:00,9.4,19.0,,,,,1,26,77,136
274,2024-01-12 10:00:00,8.3,17.0,,,,,1,28,67,123
275,2024-01-12 11:00:00,8.7,16.0,,,,,1,30,61,102
276,2024-01-12 12:00:00,7.3,15.0,,,,,2,30,59,103
277,2024-01-12 13:00:00,7.0,14.0,,,,,2,31,56,81
278,2024-01-12 14:00:00,7.4,15.0,,,,,2,31,56,93
279,2024-01-12 15:00:00,7.7,16.0,,,,,2,31,55,71
280,2024-01-12 16:00:00,9.1,18.0,,,,,2,30,59,98
281,2024-01-12 17:00:00,12.3,25.0,,,,,1,28,64,71
282,2024-01-12 18:00:00,14.1,29.0,,,,,1,27,68,67
283,2024-01-12 19:00:00,15.2,31.0,,,,,1,25,74,162
284,2024-01-12 20:00:00,14.5,30.0,,,,,0,23,84,211
285,2024-01-12 21:00:00,12.0,25.0,,,,,0,22,89,200
286,2024-01-12 22:00:00,10.4,21.0,,,,,0,22,92,206
287,2024-01-12 23:00:00,9.0,18.0,,,,,1,21,93,179
288,2024-01-13 00:00:00,9.8,20.0,,,,,1,21,94,122
289,2024-01-13 01:00:00,11.2,22.0,,,,,0,20,95,180
290,2024-01-13 02:00:00,10.8,18.0,,,,,0,20,96,163
291,2024-01-13 03:00:00,8.4,16.0,,,,,0,20,96,105
292,2024-01-13 04:00:00,9.3,18.0,,,,,1,19,97,116
293,2024-01-13 05:00:00,10.1,21.0,,,,,0,19,97,160
294,2024-01-13 06:00:00,10.1,21.0,,,,,1,19,97,173
295,2024-01-13 07:00:00,14.3,29.0,,,,,1,19,98,216
296,2024-01-13 08:00:00,14.8,30.0,,,,,1,21,97,129
297,2024-01-13 09:00:00,12.3,25.0,,,,,1,24,90,128
298,2024-01-13 10:00:00,10.3,21.0,,,,,1,27,68,141
299,2024-01-13 11:00:00,9.9,18.0,,,,,1,29,60,91
300,2024-01-13 12:00:00,8.1,16.0,,,,,2,31,55,96
301,2024-01-13 13:00:00,7.4,15.0,,,,,2,32,49,118
302,2024-01-13 14:00:00,9.4,19.0,,,,,2,32,49,84
303,2024-01-13 15:00:00,9.9,20.0,,,,,1,33,45,104
304,2024-01-13 16:00:00,9.5,19.0,,,,,1,32,47,87
305,2024-01-13 17:00:00,14.2,29.0,,,,,2,30,56,77
306,2024-01-13 18:00:00,15.4,32.0,,,,,1,28,62,69
307,2024-01-13 19:00:00,15.2,31.0,,,,,1,26,70,113
308,2024-01-13 20:00:00,16.6,33.0,,,,,1,24,79,120
309,2024-01-13 21:00:00,14.9,26.0,,,,,0,23,84,192
310,2024-01-13 22:00:00,12.1,23.0,,,,,0,22,89,185
311,2024-01-13 23:00:00,9.4,19.0,,,,,0,22,91,186
312,2024-01-14 00:00:00,8.2,17.0,,,,,1,21,92,139
313,2024-01-14 01:00:00,7.5,15.0,,,,,1,21,93,107
314,2024-01-14 02:00:00,8.9,18.0,,,,,1,20,93,190
315,2024-01-14 03:00:00,9.6,20.0,,,,,0,20,95,137
316,2024-01-14 04:00:00,8.4,16.0,,,,,0,19,95,92
317,2024-01-14 05:00:00,6.2,13.0,,,,,0,19,96,179
318,2024-01-14 06:00:00,9.5,19.0,,,,,0,19,97,155
319,2024-01-14 07:00:00,10.4,21.0,,,,,0,20,97,138
320,2024-01-14 08:00:00,12.1,25.0,,,,,1,21,95,167
321,2024-01-14 09:00:00,10.2,21.0,,,,,1,25,78,160
322,2024-01-14 10:00:00,8.9,19.0,,,,,1,28,64,112
323,2024-01-14 11:00:00,8.8,18.0,,,,,1,29,58,88
324,2024-01-14 12:00:00,7.4,15.0,,,,,2,31,55,99
325,2024-01-14 13:00:00,7.3,15.0,,,,,2,31,55,102
326,2024-01-14 14:00:00,8.2,17.0,,,,,2,31,53,107
327,2024-01-14 15:00:00,9.7,20.0,,,,,1,31,53,85
328,2024-01-14 16:00:00,10.9,22.0,,,,,2,31,53,109
329,2024-01-14 17:00:00,17.1,35.0,,,,,2,29,60,88
330,2024-01-14 18:00:00,17.9,37.0,,,,,2,27,69,69
331,2024-01-14 19:00:00,19.4,40.0,,,,,1,26,74,77
332,2024-01-14 20:00:00,17.3,35.0,,,,,1,25,78,66
333,2024-01-14 21:00:00,14.0,29.0,,,,,1,24,81,70
334,2024-01-14 22:00:00,11.5,23.0,,,,,1,24,81,117
335,2024-01-14 23:00:00,10.7,20.0,,,,,1,23,81,144
336,2024-01-15 00:00:00,8.5,17.0,,,,,0,23,83,104
337,2024-01-15 01:00:00,7.6,16.0,,,,,1,22,88,171
338,2024-01-15 02:00:00,8.0,16.0,,,,,0,22,91,204
339,2024-01-15 03:00:00,9.9,18.0,,,,,0,22,92,130
340,2024-01-15 04:00:00,11.8,22.0,,,,,1,21,93,162
341,2024-01-15 05:00:00,13.6,28.0,,,,,1,21,93,195
342,2024-01-15 06:00:00,14.8,30.0,,,,,1,22,92,208
343,2024-01-15 07:00:00,15.0,31.0,,,,,1,23,90,153
344,2024-01-15 08:00:00,14.2,25.0,,,,,1,25,82,79
345,2024-01-15 09:00:00,12.3,21.0,,,,,2,27,74,88
346,2024-01-15 10:00:00,9.8,18.0,,,,,2,27,74,97
347,2024-01-15 11:00:00,8.9,16.0,,,,,2,28,71,100
348,2024-01-15 12:00:00,8.2,15.0,,,,,2,28,69,89
349,2024-01-15 13:00:00,6.7,14.0,,,,,2,29,69,91
350,2024-01-15 14:00:00,7.8,14.0,,,,,1,28,73,100
351,2024-01-15 15:00:00,10.1,21.0,,,,,2,28,72,85
352,2024-01-15 16:00:00,9.8,20.0,,,,,2,28,69,101
353,2024-01-15 17:00:00,9.5,19.0,,,,,2,27,72,97
354,2024-01-15 18:00:00,9.7,20.0,,,,,1,26,76,79
355,2024-01-15 19:00:00,8.7,18.0,,,,,1,25,79,69
356,2024-01-15 20:00:00,7.8,16.0,,,,,1,25,81,79
357,2024-01-15 21:00:00,7.2,15.0,,,,,1,25,82,73
358,2024-01-15 22:00:00,8.7,17.0,,,,,1,25,81,86
359,2024-01-15 23:00:00,9.4,18.0,,,,,1,24,85,124
360,2024-01-16 00:00:00,9.1,18.0,,,,,1,24,82,73
361,2024-01-16 01:00:00,7.6,14.0,,,,,1,24,83,80
362,2024-01-16 02:00:00,7.9,16.0,,,,,0,23,87,147
363,2024-01-16 03:00:00,9.8,20.0,,,,,0,23,90,166
364,2024-01-16 04:00:00,12.8,26.0,,,,,0,23,91,164
365,2024-01-16 05:00:00,11.2,23.0,,,,,0,23,92,98
366,2024-01-16 06:00:00,12.9,26.0,,,,,0,23,92,138
367,2024-01-16 07:00:00,13.8,28.0,,,,,1,23,91,94
368,2024-01-16 08:00:00,11.5,23.0,,,,,1,25,83,89
369,2024-01-16 09:00:00,10.6,20.0,,,,,1,27,77,82
370,2024-01-16 10:00:00,8.5,17.0,,,,,1,28,72,87
371,2024-01-16 11:00:00,8.6,15.0,,,,,1,29,69,90
372,2024-01-16 12:00:00,7.0,14.0,,,,,1,30,64,101
373,2024-01-16 13:00:00,6.7,14.0,,,,,2,29,66,86
374,2024-01-16 14:00:00,6.4,13.0,,,,,2,29,70,115
375,2024-01-16 15:00:00,11.0,22.0,,,,,2,28,74,178
376,2024-01-16 16:00:00,13.5,28.0,,,,,2,28,70,84
377,2024-01-16 17:00:00,11.5,23.0,,,,,1,27,73,72
378,2024-01-16 18:00:00,10.0,21.0,,,,,1,26,75,64
379,2024-01-16 19:00:00,12.1,25.0,,,,,1,26,76,66
380,2024-01-16 20:00:00,10.3,21.0,,,,,1,25,76,63
381,2024-01-16 21:00:00,9.9,18.0,,,,,1,25,77,74
382,2024-01-16 22:00:00,7.8,16.0,,,,,1,25,78,65
383,2024-01-16 23:00:00,7.2,15.0,,,,,1,25,79,60
384,2024-01-17 00:00:00,9.3,19.0,,,,,1,24,83,73
385,2024-01-17 01:00:00,11.3,23.0,,,,,0,23,86,101
386,2024-01-17 02:00:00,12.8,26.0,,,,,1,23,86,85
387,2024-01-17 03:00:00,16.9,35.0,,,,,1,22,89,192
388,2024-01-17 04:00:00,17.5,36.0,,,,,1,22,91,209
389,2024-01-17 05:00:00,17.8,36.0,,,,,0,22,90,150
390,2024-01-17 06:00:00,17.1,35.0,,,,,0,22,92,165
391,2024-01-17 07:00:00,17.0,35.0,,,,,1,23,89,104
392,2024-01-17 08:00:00,13.7,28.0,,,,,1,24,84,110
393,2024-01-17 09:00:00,11.2,23.0,,,,,1,26,80,67
394,2024-01-17 10:00:00,9.6,20.0,,,,,1,27,73,97
395,2024-01-17 11:00:00,8.3,17.0,,,,,1,28,71,71
396,2024-01-17 12:00:00,7.5,15.0,,,,,1,28,69,89
397,2024-01-17 13:00:00,7.1,14.0,,,,,2,29,67,77
398,2024-01-17 14:00:00,9.0,18.0,,,,,2,27,72,97
399,2024-01-17 15:00:00,12.6,26.0,,,,,2,29,67,118
400,2024-01-17 16:00:00,15.0,31.0,,,,,2,28,68,101
401,2024-01-17 17:00:00,12.6,26.0,,,,,1,27,72,74
402,2024-01-17 18:00:00,12.4,25.0,,,,,1,26,76,127
403,2024-01-17 19:00:00,11.7,24.0,,,,,1,25,78,71
404,2024-01-17 20:00:00,9.9,20.0,,,,,0,25,81,149
405,2024-01-17 21:00:00,10.6,22.0,,,,,1,25,82,60
406,2024-01-17 22:00:00,8.7,16.0,,,,,1,24,86,105
407,2024-01-17 23:00:00,7.1,14.0,,,,,1,24,86,82
408,2024-01-18 00:00:00,6.7,14.0,,,,,1,23,87,78
409,2024-01-18 01:00:00,8.7,16.0,,,,,1,23,90,70
410,2024-01-18 02:00:00,9.4,19.0,,,,,1,23,92,85
411,2024-01-18 03:00:00,12.5,25.0,,,,,1,22,93,188
412,2024-01-18 04:00:00,14.1,29.0,,,,,0,21,95,153
413,2024-01-18 05:00:00,12.7,24.0,,,,,0,21,96,166
414,2024-01-18 06:00:00,11.2,21.0,,,,,0,21,96,171
415,2024-01-18 07:00:00,10.2,19.0,,,,,1,22,96,147
416,2024-01-18 08:00:00,11.1,20.0,,,,,1,24,87,95
417,2024-01-18 09:00:00,8.6,18.0,,,,,1,27,74,81
418,2024-01-18 10:00:00,,,,,,,0,0,0,0
419,2024-01-18 11:00:00,7.7,16.0,,,,,0,0,0,0
420,2024-01-18 12:00:00,7.7,16.0,,,,,2,31,57,89
421,2024-01-18 13:00:00,8.7,17.0,,,,,2,31,59,88
422,2024-01-18 14:00:00,9.7,19.0,,,,,1,30,61,114
423,2024-01-18 15:00:00,6.5,13.0,,,,,1,29,67,85
424,2024-01-18 16:00:00,6.1,12.0,,,,,1,28,68,85
425,2024-01-18 17:00:00,6.2,13.0,,,,,1,27,74,89
426,2024-01-18 18:00:00,8.6,16.0,,,,,1,25,81,145
427,2024-01-18 19:00:00,9.7,18.0,,,,,1,24,85,184
428,2024-01-18 20:00:00,7.6,15.0,,,,,0,24,89,149
429,2024-01-18 21:00:00,9.8,20.0,,,,,0,23,91,148
430,2024-01-18 22:00:00,11.9,24.0,,,,,0,23,91,117
431,2024-01-18 23:00:00,11.0,23.0,,,,,0,23,93,203
432,2024-01-19 00:00:00,12.8,26.0,,,,,1,23,94,143
433,2024-01-19 01:00:00,14.7,30.0,,,,,1,23,93,88
434,2024-01-19 02:00:00,16.2,33.0,,,,,1,23,93,208
435,2024-01-19 03:00:00,15.5,32.0,,,,,0,22,95,172
436,2024-01-19 04:00:00,12.6,26.0,,,,,0,21,95,167
437,2024-01-19 05:00:00,10.5,21.0,,,,,1,21,96,95
438,2024-01-19 06:00:00,9.9,19.0,,,,,1,21,95,142
439,2024-01-19 07:00:00,8.0,16.0,,,,,1,22,94,135
440,2024-01-19 08:00:00,7.3,15.0,,,,,1,24,84,109
441,2024-01-19 09:00:00,6.8,14.0,,,,,1,27,70,99
442,2024-01-19 10:00:00,6.4,13.0,,,,,2,29,63,111
443,2024-01-19 11:00:00,7.3,14.0,,,,,2,30,58,119
444,2024-01-19 12:00:00,12.0,25.0,,,,,2,31,53,97
445,2024-01-19 13:00:00,16.2,33.0,,,,,2,32,51,94
446,2024-01-19 14:00:00,15.6,32.0,,,,,2,32,49,89
447,2024-01-19 15:00:00,16.4,34.0,,,,,2,32,51,68
448,2024-01-19 16:00:00,15.4,32.0,,,,,2,31,54,74
449,2024-01-19 17:00:00,12.6,26.0,,,,,2,30,59,82
450,2024-01-19 18:00:00,10.6,22.0,,,,,1,28,66,61
451,2024-01-19 19:00:00,9.1,19.0,,,,,1,27,72,82
452,2024-01-19 20:00:00,9.1,18.0,,,,,1,26,76,150
453,2024-01-19 21:00:00,10.3,20.0,,,,,0,24,83,170
454,2024-01-19 22:00:00,9.8,20.0,,,,,0,24,86,166
455,2024-01-19 23:00:00,11.6,24.0,,,,,0,23,88,125
456,2024-01-20 00:00:00,14.9,31.0,,,,,0,22,92,132
457,2024-01-20 01:00:00,16.3,33.0,,,,,1,22,94,231
458,2024-01-20 02:00:00,14.9,31.0,,,,,1,21,95,152
459,2024-01-20 03:00:00,15.3,31.0,,,,,1,21,95,202
460,2024-01-20 04:00:00,14.3,29.0,,,,,1,20,95,176
461,2024-01-20 05:00:00,12.7,24.0,,,,,1,20,96,214
462,2024-01-20 06:00:00,9.9,20.0,,,,,0,20,96,116
463,2024-01-20 07:00:00,8.7,18.0,,,,,0,20,97,87
464,2024-01-20 08:00:00,9.7,19.0,,,,,1,22,94,101
465,2024-01-20 09:00:00,8.7,16.0,,,,,1,24,85,104
466,2024-01-20 10:00:00,6.5,13.0,,,,,1,27,71,141
467,2024-01-20 11:00:00,7.5,14.0,,,,,1,29,62,123
468,2024-01-20 12:00:00,13.8,28.0,,,,,1,30,56,116
469,2024-01-20 13:00:00,19.3,40.0,,,,,1,31,52,146
470,2024-01-20 14:00:00,20.2,41.0,,,,,1,32,50,115
471,2024-01-20 15:00:00,21.0,43.0,,,,,1,32,49,114
472,2024-01-20 16:00:00,19.1,39.0,,,,,2,31,52,72
473,2024-01-20 17:00:00,15.7,32.0,,,,,1,29,59,67
474,2024-01-20 18:00:00,14.2,27.0,,,,,1,27,65,77
475,2024-01-20 19:00:00,12.3,23.0,,,,,0,25,76,221
476,2024-01-20 20:00:00,10.9,20.0,,,,,1,24,80,152
477,2024-01-20 21:00:00,9.9,18.0,,,,,0,22,86,136
478,2024-01-20 22:00:00,8.2,17.0,,,,,0,22,87,143
479,2024-01-20 23:00:00,9.0,18.0,,,,,0,21,90,121
480,2024-01-21 00:00:00,12.8,26.0,,,,,1,21,91,121
481,2024-01-21 01:00:00,13.9,28.0,,,,,0,21,92,90
482,2024-01-21 02:00:00,15.2,31.0,,,,,0,21,93,176
483,2024-01-21 03:00:00,17.0,35.0,,,,,0,21,93,110
484,2024-01-21 04:00:00,16.7,32.0,,,,,0,21,93,105
485,2024-01-21 05:00:00,14.5,27.0,,,,,0,21,94,139
486,2024-01-21 06:00:00,12.6,24.0,,,,,1,21,95,209
487,2024-01-21 07:00:00,12.1,22.0,,,,,0,22,93,192
488,2024-01-21 08:00:00,10.9,20.0,,,,,1,23,86,152
489,2024-01-21 09:00:00,10.2,21.0,,,,,1,25,79,129
490,2024-01-21 10:00:00,14.7,30.0,,,,,1,28,68,99
491,2024-01-21 11:00:00,16.6,34.0,,,,,1,29,60,144
492,2024-01-21 12:00:00,18.9,39.0,,,,,1,30,54,163
493,2024-01-21 13:00:00,22.3,46.0,,,,,2,31,54,106
494,2024-01-21 14:00:00,23.3,48.0,,,,,2,31,52,101
495,2024-01-21 15:00:00,23.8,49.0,,,,,2,31,53,99
496,2024-01-21 16:00:00,21.3,44.0,,,,,2,29,57,93
497,2024-01-21 17:00:00,17.1,35.0,,,,,1,28,63,73
498,2024-01-21 18:00:00,14.0,29.0,,,,,1,27,67,75
499,2024-01-21 19:00:00,11.8,24.0,,,,,1,26,70,69
500,2024-01-21 20:00:00,11.3,23.0,,,,,1,26,73,73
501,2024-01-21 21:00:00,12.7,24.0,,,,,2,26,75,92
502,2024-01-21 22:00:00,11.7,24.0,,,,,1,25,77,71
503,2024-01-21 23:00:00,13.8,26.0,,,,,1,24,81,116
504,2024-01-22 00:00:00,11.7,22.0,,,,,1,23,88,200
505,2024-01-22 01:00:00,12.9,24.0,,,,,1,23,89,169
506,2024-01-22 02:00:00,14.3,27.0,,,,,0,23,90,194
507,2024-01-22 03:00:00,13.2,26.0,,,,,0,22,91,165
508,2024-01-22 04:00:00,12.7,24.0,,,,,0,22,92,174
509,2024-01-22 05:00:00,11.4,23.0,,,,,0,22,93,177
510,2024-01-22 06:00:00,11.1,23.0,,,,,0,22,92,170
511,2024-01-22 07:00:00,11.5,23.0,,,,,1,23,91,161
512,2024-01-22 08:00:00,12.5,26.0,,,,,1,24,84,138
513,2024-01-22 09:00:00,15.7,32.0,,,,,1,26,76,114
514,2024-01-22 10:00:00,17.7,36.0,,,,,1,27,72,101
515,2024-01-22 11:00:00,16.5,34.0,,,,,1,25,85,75
516,2024-01-22 12:00:00,17.4,36.0,,,,,1,24,93,90
517,2024-01-22 13:00:00,18.3,37.0,,,,,1,23,93,176
518,2024-01-22 14:00:00,16.2,33.0,,,,,1,24,92,126
519,2024-01-22 15:00:00,13.9,28.0,,,,,1,23,92,80
520,2024-01-22 16:00:00,11.7,24.0,,,,,1,23,93,72
521,2024-01-22 17:00:00,11.2,21.0,,,,,1,23,94,70
522,2024-01-22 18:00:00,10.2,19.0,,,,,1,23,94,118
523,2024-01-22 19:00:00,8.4,17.0,,,,,1,23,95,100
524,2024-01-22 20:00:00,8.9,16.0,,,,,1,23,95,89
525,2024-01-22 21:00:00,8.5,15.0,,,,,0,23,95,122
526,2024-01-22 22:00:00,7.1,15.0,,,,,0,23,96,206
527,2024-01-22 23:00:00,7.0,14.0,,,,,0,23,96,125
528,2024-01-23 00:00:00,7.8,15.0,,,,,1,22,96,159
529,2024-01-23 01:00:00,6.8,14.0,,,,,0,22,96,145
530,2024-01-23 02:00:00,7.2,15.0,,,,,0,22,96,151
531,2024-01-23 03:00:00,8.6,18.0,,,,,1,22,96,81
532,2024-01-23 04:00:00,9.2,19.0,,,,,1,22,96,112
533,2024-01-23 05:00:00,8.7,18.0,,,,,1,22,96,174
534,2024-01-23 06:00:00,8.2,17.0,,,,,1,22,96,78
535,2024-01-23 07:00:00,7.7,16.0,,,,,0,22,96,82
536,2024-01-23 08:00:00,7.4,15.0,,,,,1,23,96,83
537,2024-01-23 09:00:00,7.1,14.0,,,,,1,24,93,73
538,2024-01-23 10:00:00,7.9,16.0,,,,,1,26,83,91
539,2024-01-23 11:00:00,6.9,14.0,,,,,1,27,74,101
540,2024-01-23 12:00:00,6.9,14.0,,,,,1,29,66,102
541,2024-01-23 13:00:00,9.9,20.0,,,,,1,30,65,94
542,2024-01-23 14:00:00,11.5,24.0,,,,,2,30,61,108
543,2024-01-23 15:00:00,10.9,22.0,,,,,1,30,61,124
544,2024-01-23 16:00:00,10.0,21.0,,,,,1,28,69,76
545,2024-01-23 17:00:00,9.0,18.0,,,,,1,27,74,66
546,2024-01-23 18:00:00,8.3,17.0,,,,,1,26,78,61
547,2024-01-23 19:00:00,7.8,16.0,,,,,1,25,81,79
548,2024-01-23 20:00:00,7.4,15.0,,,,,1,25,82,78
549,2024-01-23 21:00:00,8.1,15.0,,,,,1,25,81,98
550,2024-01-23 22:00:00,7.7,14.0,,,,,1,24,87,213
551,2024-01-23 23:00:00,6.8,14.0,,,,,1,23,90,233
552,2024-01-24 00:00:00,7.8,16.0,,,,,1,23,89,201
553,2024-01-24 01:00:00,6.9,14.0,,,,,1,23,89,143
554,2024-01-24 02:00:00,8.6,16.0,,,,,1,22,91,154
555,2024-01-24 03:00:00,9.3,19.0,,,,,0,22,94,196
556,2024-01-24 04:00:00,9.8,20.0,,,,,0,22,95,132
557,2024-01-24 05:00:00,9.3,19.0,,,,,0,22,95,144
558,2024-01-24 06:00:00,8.7,18.0,,,,,0,22,95,169
559,2024-01-24 07:00:00,8.0,16.0,,,,,0,22,96,183
560,2024-01-24 08:00:00,8.6,16.0,,,,,0,23,93,177
561,2024-01-24 09:00:00,8.3,15.0,,,,,1,25,85,69
562,2024-01-24 10:00:00,7.2,14.0,,,,,1,26,78,72
563,2024-01-24 11:00:00,7.2,15.0,,,,,1,28,73,89
564,2024-01-24 12:00:00,8.9,18.0,,,,,1,29,69,85
565,2024-01-24 13:00:00,11.3,23.0,,,,,1,29,68,98
566,2024-01-24 14:00:00,14.2,29.0,,,,,2,29,68,79
567,2024-01-24 15:00:00,15.2,31.0,,,,,2,29,71,83
568,2024-01-24 16:00:00,13.4,27.0,,,,,1,28,74,73
569,2024-01-24 17:00:00,11.8,24.0,,,,,1,26,78,79
570,2024-01-24 18:00:00,11.4,21.0,,,,,1,25,83,79
571,2024-01-24 19:00:00,9.2,19.0,,,,,1,25,84,68
572,2024-01-24 20:00:00,9.5,20.0,,,,,1,24,85,67
573,2024-01-24 21:00:00,8.9,18.0,,,,,1,24,88,158
574,2024-01-24 22:00:00,7.5,15.0,,,,,0,23,90,95
575,2024-01-24 23:00:00,7.2,15.0,,,,,1,23,92,138
576,2024-01-25 00:00:00,8.7,16.0,,,,,0,23,93,189
577,2024-01-25 01:00:00,6.9,14.0,,,,,1,23,93,179
578,2024-01-25 02:00:00,7.8,16.0,,,,,0,23,93,125
579,2024-01-25 03:00:00,7.9,16.0,,,,,1,23,93,180
580,2024-01-25 04:00:00,6.9,14.0,,,,,1,22,94,154
581,2024-01-25 05:00:00,6.8,14.0,,,,,0,22,95,180
582,2024-01-25 06:00:00,7.8,16.0,,,,,1,22,95,164
583,2024-01-25 07:00:00,6.7,14.0,,,,,1,22,95,178
584,2024-01-25 08:00:00,6.7,14.0,,,,,1,24,90,117
585,2024-01-25 09:00:00,7.6,15.0,,,,,1,26,80,91
586,2024-01-25 10:00:00,8.6,16.0,,,,,1,28,72,90
587,2024-01-25 11:00:00,7.6,15.0,,,,,1,29,68,95
588,2024-01-25 12:00:00,6.8,14.0,,,,,2,30,67,85
589,2024-01-25 13:00:00,9.7,20.0,,,,,2,30,67,101
590,2024-01-25 14:00:00,11.1,23.0,,,,,2,28,74,106
591,2024-01-25 15:00:00,11.1,23.0,,,,,1,26,87,113
592,2024-01-25 16:00:00,10.8,22.0,,,,,1,24,91,206
593,2024-01-25 17:00:00,9.6,20.0,,,,,1,24,91,117
594,2024-01-25 18:00:00,8.7,18.0,,,,,0,24,93,137
595,2024-01-25 19:00:00,8.0,16.0,,,,,1,24,95,76
596,2024-01-25 20:00:00,9.6,18.0,,,,,0,23,95,96
597,2024-01-25 21:00:00,8.3,16.0,,,,,1,23,96,84
598,2024-01-25 22:00:00,8.1,16.0,,,,,1,23,95,103
599,2024-01-25 23:00:00,7.0,14.0,,,,,1,23,95,65
600,2024-01-26 00:00:00,6.9,14.0,,,,,1,23,95,109
601,2024-01-26 01:00:00,7.8,16.0,,,,,0,23,95,121
602,2024-01-26 02:00:00,8.4,17.0,,,,,1,23,95,186
603,2024-01-26 03:00:00,10.0,21.0,,,,,1,23,96,95
604,2024-01-26 04:00:00,9.6,20.0,,,,,1,23,96,99
605,2024-01-26 05:00:00,8.7,18.0,,,,,1,23,95,94
606,2024-01-26 06:00:00,8.0,16.0,,,,,1,23,95,135
607,2024-01-26 07:00:00,7.6,16.0,,,,,1,23,96,157
608,2024-01-26 08:00:00,8.3,18.0,,,,,1,24,91,114
609,2024-01-26 09:00:00,9.1,20.0,,,,,1,26,83,115
610,2024-01-26 10:00:00,8.9,16.0,,,,,1,26,82,76
611,2024-01-26 11:00:00,7.9,14.0,,,,,1,27,76,109
612,2024-01-26 12:00:00,7.9,14.0,,,,,1,29,72,95
613,2024-01-26 13:00:00,6.9,14.0,,,,,1,29,71,87
614,2024-01-26 14:00:00,8.0,16.0,,,,,1,29,69,95
615,2024-01-26 15:00:00,14.2,29.0,,,,,2,28,74,78
616,2024-01-26 16:00:00,16.5,34.0,,,,,2,30,66,70
617,2024-01-26 17:00:00,13.6,28.0,,,,,1,27,74,62
618,2024-01-26 18:00:00,11.5,24.0,,,,,2,26,80,67
619,2024-01-26 19:00:00,10.1,21.0,,,,,1,25,83,77
620,2024-01-26 20:00:00,9.9,18.0,,,,,1,24,85,58
621,2024-01-26 21:00:00,11.2,20.0,,,,,1,24,86,100
622,2024-01-26 22:00:00,9.7,18.0,,,,,1,24,86,133
623,2024-01-26 23:00:00,7.4,15.0,,,,,0,23,89,132
624,2024-01-27 00:00:00,7.2,15.0,,,,,1,23,92,128
625,2024-01-27 01:00:00,7.2,15.0,,,,,1,23,92,101
626,2024-01-27 02:00:00,8.8,18.0,,,,,0,23,92,111
627,2024-01-27 03:00:00,11.1,23.0,,,,,1,23,91,63
628,2024-01-27 04:00:00,11.4,23.0,,,,,1,23,91,72
629,2024-01-27 05:00:00,10.2,21.0,,,,,0,22,92,95
630,2024-01-27 06:00:00,10.2,20.0,,,,,0,22,92,133
631,2024-01-27 07:00:00,9.5,19.0,,,,,1,23,92,150
632,2024-01-27 08:00:00,8.9,16.0,,,,,1,26,79,96
633,2024-01-27 09:00:00,9.6,18.0,,,,,1,27,75,84
634,2024-01-27 10:00:00,10.5,20.0,,,,,1,28,68,87
635,2024-01-27 11:00:00,9.6,19.0,,,,,2,29,67,93
636,2024-01-27 12:00:00,10.6,22.0,,,,,2,28,69,83
637,2024-01-27 13:00:00,15.7,32.0,,,,,2,29,67,96
638,2024-01-27 14:00:00,16.9,35.0,,,,,1,29,69,91
639,2024-01-27 15:00:00,16.5,34.0,,,,,1,28,74,106
640,2024-01-27 16:00:00,15.1,31.0,,,,,2,29,66,96
641,2024-01-27 17:00:00,12.6,26.0,,,,,2,27,72,75
642,2024-01-27 18:00:00,10.8,22.0,,,,,2,26,77,78
643,2024-01-27 19:00:00,9.5,19.0,,,,,1,25,79,79
644,2024-01-27 20:00:00,8.7,18.0,,,,,1,24,81,100
645,2024-01-27 21:00:00,9.8,20.0,,,,,1,24,84,86
646,2024-01-27 22:00:00,8.6,16.0,,,,,1,23,85,65
647,2024-01-27 23:00:00,7.3,15.0,,,,,1,23,88,138
648,2024-01-28 00:00:00,7.1,15.0,,,,,0,22,92,178
649,2024-01-28 01:00:00,7.7,14.0,,,,,0,22,93,204
650,2024-01-28 02:00:00,9.2,19.0,,,,,0,22,93,167
651,2024-01-28 03:00:00,11.6,24.0,,,,,0,22,94,215
652,2024-01-28 04:00:00,11.2,23.0,,,,,1,21,95,228
653,2024-01-28 05:00:00,9.9,20.0,,,,,0,21,95,203
654,2024-01-28 06:00:00,9.1,18.0,,,,,1,21,96,203
655,2024-01-28 07:00:00,10.2,20.0,,,,,0,22,94,124
656,2024-01-28 08:00:00,8.7,16.0,,,,,1,24,85,157
657,2024-01-28 09:00:00,8.5,15.0,,,,,1,27,71,92
658,2024-01-28 10:00:00,7.8,16.0,,,,,2,28,66,77
659,2024-01-28 11:00:00,8.8,18.0,,,,,2,30,61,88
660,2024-01-28 12:00:00,11.3,23.0,,,,,2,30,60,94
661,2024-01-28 13:00:00,15.2,31.0,,,,,1,31,57,89
662,2024-01-28 14:00:00,17.0,35.0,,,,,2,31,60,109
663,2024-01-28 15:00:00,17.0,35.0,,,,,2,32,54,123
664,2024-01-28 16:00:00,14.8,30.0,,,,,1,31,56,87
665,2024-01-28 17:00:00,12.4,25.0,,,,,2,29,64,62
666,2024-01-28 18:00:00,10.7,22.0,,,,,2,27,70,63
667,2024-01-28 19:00:00,9.5,19.0,,,,,1,26,74,70
668,2024-01-28 20:00:00,8.6,18.0,,,,,1,25,76,80
669,2024-01-28 21:00:00,9.8,20.0,,,,,1,24,77,66
670,2024-01-28 22:00:00,8.6,16.0,,,,,1,24,77,79
671,2024-01-28 23:00:00,7.4,15.0,,,,,1,24,80,135
672,2024-01-29 00:00:00,7.7,16.0,,,,,1,23,84,129
673,2024-01-29 01:00:00,10.6,22.0,,,,,1,22,88,171
674,2024-01-29 02:00:00,11.8,24.0,,,,,1,21,93,241
675,2024-01-29 03:00:00,12.0,25.0,,,,,0,20,94,207
676,2024-01-29 04:00:00,11.9,24.0,,,,,1,20,94,129
677,2024-01-29 05:00:00,10.3,21.0,,,,,1,20,94,174
678,2024-01-29 06:00:00,9.2,19.0,,,,,0,20,94,174
679,2024-01-29 07:00:00,8.5,17.0,,,,,1,22,91,120
680,2024-01-29 08:00:00,7.9,16.0,,,,,1,23,86,96
681,2024-01-29 09:00:00,8.8,18.0,,,,,1,25,82,136
682,2024-01-29 10:00:00,10.7,22.0,,,,,1,28,69,112
683,2024-01-29 11:00:00,11.6,24.0,,,,,1,29,63,109
684,2024-01-29 12:00:00,13.8,28.0,,,,,1,30,62,108
685,2024-01-29 13:00:00,16.9,35.0,,,,,2,30,59,98
686,2024-01-29 14:00:00,17.9,37.0,,,,,2,32,53,95
687,2024-01-29 15:00:00,18.9,39.0,,,,,2,31,57,82
688,2024-01-29 16:00:00,17.8,36.0,,,,,1,32,54,83
689,2024-01-29 17:00:00,14.6,30.0,,,,,1,29,64,78
690,2024-01-29 18:00:00,12.2,25.0,,,,,1,27,69,73
691,2024-01-29 19:00:00,10.5,21.0,,,,,1,26,75,71
692,2024-01-29 20:00:00,9.3,19.0,,,,,1,25,81,131
693,2024-01-29 21:00:00,8.5,17.0,,,,,1,24,84,64
694,2024-01-29 22:00:00,7.9,16.0,,,,,1,24,83,78
695,2024-01-29 23:00:00,8.7,18.0,,,,,1,24,84,74
696,2024-01-30 00:00:00,10.3,21.0,,,,,1,23,88,78
697,2024-01-30 01:00:00,13.8,28.0,,,,,1,22,91,74
698,2024-01-30 02:00:00,16.2,33.0,,,,,0,21,93,159
699,2024-01-30 03:00:00,15.0,31.0,,,,,0,21,95,185
700,2024-01-30 04:00:00,12.7,26.0,,,,,0,20,96,121
701,2024-01-30 05:00:00,11.1,23.0,,,,,0,20,96,191
702,2024-01-30 06:00:00,9.7,20.0,,,,,1,20,96,96
703,2024-01-30 07:00:00,8.8,18.0,,,,,1,21,93,134
704,2024-01-30 08:00:00,8.2,17.0,,,,,1,25,79,91
705,2024-01-30 09:00:00,7.8,16.0,,,,,2,27,71,81
706,2024-01-30 10:00:00,7.6,16.0,,,,,2,28,67,85
707,2024-01-30 11:00:00,9.3,19.0,,,,,2,28,67,75
708,2024-01-30 12:00:00,13.5,28.0,,,,,1,28,65,87
709,2024-01-30 13:00:00,15.9,33.0,,,,,2,29,62,83
710,2024-01-30 14:00:00,15.3,31.0,,,,,2,29,63,80
711,2024-01-30 15:00:00,15.1,31.0,,,,,2,31,57,89
712,2024-01-30 16:00:00,14.1,29.0,,,,,2,29,62,94
713,2024-01-30 17:00:00,12.0,25.0,,,,,1,28,65,64
714,2024-01-30 18:00:00,12.6,24.0,,,,,1,26,71,83
715,2024-01-30 19:00:00,9.4,19.0,,,,,1,25,75,59
716,2024-01-30 20:00:00,10.5,20.0,,,,,1,24,78,75
717,2024-01-30 21:00:00,8.9,16.0,,,,,1,24,83,153
718,2024-01-30 22:00:00,7.5,15.0,,,,,1,23,85,191
719,2024-01-30 23:00:00,7.3,15.0,,,,,1,22,89,175
720,2024-01-31 00:00:00,7.9,16.0,,,,,0,22,90,172
721,2024-01-31 01:00:00,9.8,20.0,,,,,0,21,93,185
722,2024-01-31 02:00:00,12.1,25.0,,,,,0,21,94,155
723,2024-01-31 03:00:00,12.7,26.0,,,,,0,20,95,157
724,2024-01-31 04:00:00,11.4,23.0,,,,,0,20,96,143
725,2024-01-31 05:00:00,11.2,21.0,,,,,0,20,96,114
726,2024-01-31 06:00:00,10.3,19.0,,,,,0,19,96,160
727,2024-01-31 07:00:00,9.5,18.0,,,,,0,20,96,127
728,2024-01-31 08:00:00,8.9,16.0,,,,,1,23,86,116
729,2024-01-31 09:00:00,9.5,18.0,,,,,1,26,74,111
730,2024-01-31 10:00:00,7.3,15.0,,,,,1,29,64,102
731,2024-01-31 11:00:00,8.1,17.0,,,,,1,30,59,118
732,2024-01-31 12:00:00,12.7,26.0,,,,,1,31,56,97
733,2024-01-31 13:00:00,16.7,34.0,,,,,1,32,54,92
734,2024-01-31 14:00:00,18.4,38.0,,,,,1,32,54,90
735,2024-01-31 15:00:00,17.3,35.0,,,,,1,32,52,78
736,2024-01-31 16:00:00,14.3,29.0,,,,,1,32,51,81
737,2024-01-31 17:00:00,12.0,25.0,,,,,1,31,56,77
738,2024-01-31 18:00:00,10.4,21.0,,,,,1,28,66,86
739,2024-01-31 19:00:00,9.2,19.0,,,,,1,26,75,264
740,2024-01-31 20:00:00,8.5,17.0,,,,,1,25,79,189
741,2024-01-31 21:00:00,9.9,19.0,,,,,0,24,87,192
742,2024-01-31 22:00:00,9.5,18.0,,,,,0,23,89,144
743,2024-01-31 23:00:00,8.2,16.0,,,,,0,23,90,156
744,2024-02-01 00:00:00,7.1,15.0,,,,,0,22,92,119
745,2024-02-01 01:00:00,8.0,16.0,,,,,0,21,94,201
746,2024-02-01 02:00:00,9.4,19.0,,,,,0,21,95,171
747,2024-02-01 03:00:00,11.1,23.0,,,,,0,21,95,95
748,2024-02-01 04:00:00,11.4,23.0,,,,,0,21,96,123
749,2024-02-01 05:00:00,10.2,21.0,,,,,1,21,96,108
750,2024-02-01 06:00:00,9.2,19.0,,,,,1,21,96,210
751,2024-02-01 07:00:00,8.4,17.0,,,,,1,21,96,186
752,2024-02-01 08:00:00,7.9,16.0,,,,,1,24,86,95
753,2024-02-01 09:00:00,7.5,15.0,,,,,1,27,72,95
754,2024-02-01 10:00:00,7.3,15.0,,,,,1,29,61,98
755,2024-02-01 11:00:00,9.6,20.0,,,,,1,31,56,112
756,2024-02-01 12:00:00,12.4,25.0,,,,,1,33,51,125
757,2024-02-01 13:00:00,15.0,31.0,,,,,1,34,48,102
758,2024-02-01 14:00:00,17.1,35.0,,,,,2,34,49,93
759,2024-02-01 15:00:00,17.4,36.0,,,,,2,34,49,79
760,2024-02-01 16:00:00,15.7,32.0,,,,,1,33,51,85
761,2024-02-01 17:00:00,12.9,26.0,,,,,1,30,59,80
762,2024-02-01 18:00:00,11.1,23.0,,,,,1,29,66,98
763,2024-02-01 19:00:00,9.7,20.0,,,,,1,28,71,120
764,2024-02-01 20:00:00,8.8,18.0,,,,,1,27,75,116
765,2024-02-01 21:00:00,8.1,17.0,,,,,1,26,79,84
766,2024-02-01 22:00:00,7.6,16.0,,,,,1,25,81,75
767,2024-02-01 23:00:00,7.3,15.0,,,,,1,25,84,88
768,2024-02-02 00:00:00,8.3,17.0,,,,,0,23,89,105
769,2024-02-02 01:00:00,11.6,24.0,,,,,0,23,93,150
770,2024-02-02 02:00:00,13.4,27.0,,,,,1,22,94,170
771,2024-02-02 03:00:00,12.7,26.0,,,,,0,22,94,145
772,2024-02-02 04:00:00,11.4,23.0,,,,,0,21,94,140
773,2024-02-02 05:00:00,10.2,21.0,,,,,0,22,96,136
774,2024-02-02 06:00:00,9.2,19.0,,,,,0,21,96,180
775,2024-02-02 07:00:00,8.5,17.0,,,,,0,22,96,109
776,2024-02-02 08:00:00,7.8,16.0,,,,,1,23,93,117
777,2024-02-02 09:00:00,7.5,15.0,,,,,1,26,81,126
778,2024-02-02 10:00:00,7.4,15.0,,,,,1,29,67,111
779,2024-02-02 11:00:00,8.5,17.0,,,,,1,31,58,104
780,2024-02-02 12:00:00,12.9,26.0,,,,,2,33,46,109
781,2024-02-02 13:00:00,15.1,31.0,,,,,2,35,38,99
782,2024-02-02 14:00:00,16.0,33.0,,,,,2,35,39,87
783,2024-02-02 15:00:00,16.3,33.0,,,,,2,34,43,81
784,2024-02-02 16:00:00,14.1,29.0,,,,,2,33,49,84
785,2024-02-02 17:00:00,11.9,24.0,,,,,2,30,57,102
786,2024-02-02 18:00:00,10.3,21.0,,,,,1,29,62,111
787,2024-02-02 19:00:00,9.2,19.0,,,,,1,27,70,104
788,2024-02-02 20:00:00,8.4,17.0,,,,,1,26,77,227
789,2024-02-02 21:00:00,8.9,16.0,,,,,0,25,83,156
790,2024-02-02 22:00:00,9.5,19.0,,,,,0,24,86,190
791,2024-02-02 23:00:00,9.2,18.0,,,,,0,24,89,180
792,2024-02-03 00:00:00,7.7,15.0,,,,,0,23,91,170
793,2024-02-03 01:00:00,6.9,14.0,,,,,0,22,92,134
794,2024-02-03 02:00:00,8.1,17.0,,,,,0,22,94,135
795,2024-02-03 03:00:00,9.0,18.0,,,,,1,21,96,213
796,2024-02-03 04:00:00,8.4,17.0,,,,,0,21,96,147
797,2024-02-03 05:00:00,8.0,16.0,,,,,1,21,97,78
798,2024-02-03 06:00:00,9.5,18.0,,,,,1,21,97,120
799,2024-02-03 07:00:00,8.2,15.0,,,,,1,21,97,79
800,2024-02-03 08:00:00,7.7,14.0,,,,,1,22,95,180
801,2024-02-03 09:00:00,6.8,14.0,,,,,1,25,81,147
802,2024-02-03 10:00:00,6.8,14.0,,,,,1,29,63,142
803,2024-02-03 11:00:00,7.4,15.0,,,,,1,31,50,123
804,2024-02-03 12:00:00,7.1,15.0,,,,,1,33,43,131
805,2024-02-03 13:00:00,8.5,16.0,,,,,1,34,39,144
806,2024-02-03 14:00:00,7.3,15.0,,,,,1,35,35,202
807,2024-02-03 15:00:00,8.6,18.0,,,,,1,36,35,153
808,2024-02-03 16:00:00,8.8,18.0,,,,,1,33,46,85
809,2024-02-03 17:00:00,10.1,21.0,,,,,1,31,56,78
810,2024-02-03 18:00:00,9.5,19.0,,,,,1,29,62,195
811,2024-02-03 19:00:00,11.0,23.0,,,,,1,28,73,212
812,2024-02-03 20:00:00,19.0,40.0,,,,,1,27,79,112
813,2024-02-03 21:00:00,18.0,33.0,,,,,0,26,82,142
814,2024-02-03 22:00:00,13.4,27.0,,,,,0,25,84,174
815,2024-02-03 23:00:00,16.4,34.0,,,,,0,24,88,134
816,2024-02-04 00:00:00,14.4,29.0,,,,,0,23,91,147
817,2024-02-04 01:00:00,12.0,25.0,,,,,0,23,92,213
818,2024-02-04 02:00:00,11.6,24.0,,,,,0,23,91,94
819,2024-02-04 03:00:00,8.5,,,,,,0,0,0,0
820,2024-02-04 04:00:00,10.0,,,,,,0,0,0,0
821,2024-02-04 05:00:00,11.7,,,,,,0,0,0,0
822,2024-02-04 06:00:00,9.6,,,,,,0,0,0,0
823,2024-02-04 07:00:00,10.2,,,,,,0,0,0,0
824,2024-02-04 08:00:00,8.2,,,,,,0,0,0,0
825,2024-02-04 09:00:00,11.3,23.0,,,,,1,28,74,116
826,2024-02-04 10:00:00,15.0,31.0,,,,,1,30,64,144
827,2024-02-04 11:00:00,16.4,33.0,,,,,1,32,51,136
828,2024-02-04 12:00:00,17.2,35.0,,,,,1,34,44,163
829,2024-02-04 13:00:00,15.0,31.0,,,,,1,35,38,132
830,2024-02-04 14:00:00,16.0,33.0,,,,,1,37,36,110
831,2024-02-04 15:00:00,14.6,30.0,,,,,1,35,42,108
832,2024-02-04 16:00:00,11.9,24.0,,,,,1,33,46,100
833,2024-02-04 17:00:00,9.9,20.0,,,,,0,30,59,195
834,2024-02-04 18:00:00,12.1,25.0,,,,,1,29,67,249
835,2024-02-04 19:00:00,13.7,28.0,,,,,1,28,76,161
836,2024-02-04 20:00:00,16.8,34.0,,,,,1,27,71,73
837,2024-02-04 21:00:00,17.3,35.0,,,,,1,26,74,160
838,2024-02-04 22:00:00,18.7,38.0,,,,,1,25,78,158
839,2024-02-04 23:00:00,17.1,35.0,,,,,1,24,84,132
840,2024-02-05 00:00:00,18.7,38.0,,,,,1,23,85,67
841,2024-02-05 01:00:00,18.4,38.0,,,,,1,23,87,90
842,2024-02-05 02:00:00,16.6,34.0,,,,,0,22,92,191
843,2024-02-05 03:00:00,15.1,31.0,,,,,1,21,94,139
844,2024-02-05 04:00:00,16.0,33.0,,,,,0,21,94,143
845,2024-02-05 05:00:00,14.3,29.0,,,,,0,20,95,215
846,2024-02-05 06:00:00,11.8,24.0,,,,,1,20,96,114
847,2024-02-05 07:00:00,10.7,22.0,,,,,1,21,92,145
848,2024-02-05 08:00:00,12.3,25.0,,,,,1,23,82,117
849,2024-02-05 09:00:00,15.5,32.0,,,,,1,26,73,144
850,2024-02-05 10:00:00,17.8,37.0,,,,,1,29,61,138
851,2024-02-05 11:00:00,23.0,47.0,,,,,2,32,43,103
852,2024-02-05 12:00:00,23.6,48.0,,,,,2,34,35,102
853,2024-02-05 13:00:00,21.8,45.0,,,,,2,34,37,136
854,2024-02-05 14:00:00,18.4,38.0,,,,,2,35,36,122
855,2024-02-05 15:00:00,17.0,35.0,,,,,2,35,37,79
856,2024-02-05 16:00:00,16.1,33.0,,,,,2,34,38,92
857,2024-02-05 17:00:00,13.9,28.0,,,,,2,32,45,77
858,2024-02-05 18:00:00,11.4,23.0,,,,,1,30,54,96
859,2024-02-05 19:00:00,10.6,20.0,,,,,1,28,63,196
860,2024-02-05 20:00:00,8.8,18.0,,,,,1,26,69,166
861,2024-02-05 21:00:00,11.8,24.0,,,,,1,24,78,204
862,2024-02-05 22:00:00,12.4,23.0,,,,,0,23,83,160
863,2024-02-05 23:00:00,11.2,21.0,,,,,1,22,86,167
864,2024-02-06 00:00:00,9.9,18.0,,,,,0,21,90,164
865,2024-02-06 01:00:00,9.6,20.0,,,,,1,21,92,96
866,2024-02-06 02:00:00,11.4,23.0,,,,,0,21,93,181
867,2024-02-06 03:00:00,13.9,28.0,,,,,0,20,95,150
868,2024-02-06 04:00:00,12.8,26.0,,,,,0,20,96,176
869,2024-02-06 05:00:00,10.8,22.0,,,,,1,20,95,175
870,2024-02-06 06:00:00,9.5,19.0,,,,,0,20,96,160
871,2024-02-06 07:00:00,8.2,17.0,,,,,0,21,94,119
872,2024-02-06 08:00:00,9.1,19.0,,,,,1,23,85,110
873,2024-02-06 09:00:00,13.0,27.0,,,,,1,26,73,119
874,2024-02-06 10:00:00,17.7,36.0,,,,,1,29,60,129
875,2024-02-06 11:00:00,20.4,42.0,,,,,1,32,52,134
876,2024-02-06 12:00:00,20.9,43.0,,,,,2,34,44,126
877,2024-02-06 13:00:00,18.1,37.0,,,,,2,35,39,119
878,2024-02-06 14:00:00,15.0,31.0,,,,,2,35,41,102
879,2024-02-06 15:00:00,14.8,30.0,,,,,2,34,46,81
880,2024-02-06 16:00:00,13.0,27.0,,,,,2,34,45,86
881,2024-02-06 17:00:00,10.7,22.0,,,,,2,33,50,87
882,2024-02-06 18:00:00,9.4,19.0,,,,,1,30,61,171
883,2024-02-06 19:00:00,9.1,19.0,,,,,1,28,69,179
884,2024-02-06 20:00:00,9.1,19.0,,,,,0,27,77,154
885,2024-02-06 21:00:00,9.6,20.0,,,,,0,26,80,174
886,2024-02-06 22:00:00,11.4,23.0,,,,,0,25,84,130
887,2024-02-06 23:00:00,12.8,26.0,,,,,1,24,87,142
888,2024-02-07 00:00:00,14.6,30.0,,,,,0,24,90,175
889,2024-02-07 01:00:00,13.6,28.0,,,,,0,23,92,140
890,2024-02-07 02:00:00,11.4,23.0,,,,,0,23,93,123
891,2024-02-07 03:00:00,13.5,28.0,,,,,1,22,93,164
892,2024-02-07 04:00:00,12.8,26.0,,,,,1,22,95,196
893,2024-02-07 05:00:00,10.8,22.0,,,,,1,22,95,182
894,2024-02-07 06:00:00,9.3,19.0,,,,,1,21,94,156
895,2024-02-07 07:00:00,8.4,17.0,,,,,0,22,94,203
896,2024-02-07 08:00:00,9.4,19.0,,,,,1,24,85,144
897,2024-02-07 09:00:00,10.9,22.0,,,,,1,27,72,126
898,2024-02-07 10:00:00,14.7,30.0,,,,,1,30,62,138
899,2024-02-07 11:00:00,18.6,38.0,,,,,1,32,54,143
900,2024-02-07 12:00:00,19.1,39.0,,,,,1,33,50,135
901,2024-02-07 13:00:00,16.1,33.0,,,,,2,34,49,129
902,2024-02-07 14:00:00,13.8,28.0,,,,,2,35,46,121
903,2024-02-07 15:00:00,11.7,24.0,,,,,1,34,49,82
904,2024-02-07 16:00:00,12.5,26.0,,,,,2,34,50,92
905,2024-02-07 17:00:00,11.8,24.0,,,,,1,30,63,152
906,2024-02-07 18:00:00,10.2,21.0,,,,,1,29,67,104
907,2024-02-07 19:00:00,11.0,22.0,,,,,1,27,74,195
908,2024-02-07 20:00:00,10.3,21.0,,,,,1,26,81,200
909,2024-02-07 21:00:00,9.1,19.0,,,,,1,25,86,186
910,2024-02-07 22:00:00,10.9,22.0,,,,,0,24,88,161
911,2024-02-07 23:00:00,10.8,22.0,,,,,0,23,92,183
912,2024-02-08 00:00:00,11.0,22.0,,,,,1,23,94,179
913,2024-02-08 01:00:00,12.6,26.0,,,,,0,22,95,149
914,2024-02-08 02:00:00,12.9,26.0,,,,,0,22,95,194
915,2024-02-08 03:00:00,13.9,28.0,,,,,0,22,95,141
916,2024-02-08 04:00:00,12.8,26.0,,,,,0,22,96,162
917,2024-02-08 05:00:00,11.0,23.0,,,,,0,22,95,128
918,2024-02-08 06:00:00,9.4,19.0,,,,,1,22,96,80
919,2024-02-08 07:00:00,8.2,17.0,,,,,0,22,96,91
920,2024-02-08 08:00:00,9.5,19.0,,,,,1,24,89,103
921,2024-02-08 09:00:00,12.7,26.0,,,,,1,27,76,128
922,2024-02-08 10:00:00,14.6,30.0,,,,,1,30,63,96
923,2024-02-08 11:00:00,17.4,36.0,,,,,1,32,55,133
924,2024-02-08 12:00:00,19.7,40.0,,,,,2,33,50,113
925,2024-02-08 13:00:00,17.2,35.0,,,,,2,34,48,102
926,2024-02-08 14:00:00,14.0,29.0,,,,,2,35,46,107
927,2024-02-08 15:00:00,11.9,24.0,,,,,2,35,44,83
928,2024-02-08 16:00:00,12.1,25.0,,,,,2,33,48,78
929,2024-02-08 17:00:00,11.0,23.0,,,,,1,31,53,110
930,2024-02-08 18:00:00,9.3,19.0,,,,,1,29,67,252
931,2024-02-08 19:00:00,9.7,20.0,,,,,1,27,79,245
932,2024-02-08 20:00:00,10.8,22.0,,,,,1,26,83,212
933,2024-02-08 21:00:00,15.7,32.0,,,,,1,26,84,149
934,2024-02-08 22:00:00,15.5,32.0,,,,,1,25,86,172
935,2024-02-08 23:00:00,13.0,27.0,,,,,0,24,90,146
936,2024-02-09 00:00:00,13.9,29.0,,,,,0,23,92,164
937,2024-02-09 01:00:00,14.0,29.0,,,,,0,23,93,126
938,2024-02-09 02:00:00,14.4,29.0,,,,,0,22,94,123
939,2024-02-09 03:00:00,13.0,27.0,,,,,0,22,95,155
940,2024-02-09 04:00:00,14.5,30.0,,,,,0,22,96,106
941,2024-02-09 05:00:00,13.6,28.0,,,,,0,22,96,100
942,2024-02-09 06:00:00,12.6,26.0,,,,,0,22,96,162
943,2024-02-09 07:00:00,11.0,23.0,,,,,1,22,96,100
944,2024-02-09 08:00:00,14.0,29.0,,,,,1,24,90,116
945,2024-02-09 09:00:00,16.5,34.0,,,,,1,27,72,183
946,2024-02-09 10:00:00,21.5,44.0,,,,,1,29,63,139
947,2024-02-09 11:00:00,24.2,49.0,,,,,2,31,57,119
948,2024-02-09 12:00:00,24.3,50.0,,,,,1,32,53,109
949,2024-02-09 13:00:00,21.9,45.0,,,,,2,33,50,103
950,2024-02-09 14:00:00,19.9,41.0,,,,,2,33,45,101
951,2024-02-09 15:00:00,19.6,40.0,,,,,2,33,46,127
952,2024-02-09 16:00:00,17.8,36.0,,,,,2,33,46,102
953,2024-02-09 17:00:00,15.0,30.0,,,,,1,31,51,73
954,2024-02-09 18:00:00,15.1,27.0,,,,,1,29,58,78
955,2024-02-09 19:00:00,20.3,42.0,,,,,1,27,64,62
956,2024-02-09 20:00:00,21.6,44.0,,,,,1,27,70,62
957,2024-02-09 21:00:00,22.1,45.0,,,,,1,26,74,61
958,2024-02-09 22:00:00,20.2,41.0,,,,,1,24,80,96
959,2024-02-09 23:00:00,17.3,35.0,,,,,1,23,86,215
960,2024-02-10 00:00:00,17.1,35.0,,,,,0,22,89,209
961,2024-02-10 01:00:00,16.7,34.0,,,,,0,21,89,168
962,2024-02-10 02:00:00,16.0,33.0,,,,,1,21,90,161
963,2024-02-10 03:00:00,14.1,29.0,,,,,0,20,91,152
964,2024-02-10 04:00:00,14.3,29.0,,,,,1,20,95,204
965,2024-02-10 05:00:00,13.1,27.0,,,,,0,19,96,188
966,2024-02-10 06:00:00,11.3,23.0,,,,,0,19,96,136
967,2024-02-10 07:00:00,10.1,21.0,,,,,1,20,94,162
968,2024-02-10 08:00:00,11.2,23.0,,,,,1,23,83,154
969,2024-02-10 09:00:00,12.8,26.0,,,,,1,28,64,97
970,2024-02-10 10:00:00,16.7,34.0,,,,,2,30,56,83
971,2024-02-10 11:00:00,21.1,43.0,,,,,2,31,48,94
972,2024-02-10 12:00:00,21.0,43.0,,,,,2,32,46,91
973,2024-02-10 13:00:00,20.0,41.0,,,,,2,32,43,96
974,2024-02-10 14:00:00,20.5,42.0,,,,,2,34,40,108
975,2024-02-10 15:00:00,19.9,41.0,,,,,2,33,43,96
976,2024-02-10 16:00:00,21.0,43.0,,,,,2,33,40,100
977,2024-02-10 17:00:00,18.2,37.0,,,,,2,31,43,112
978,2024-02-10 18:00:00,18.6,38.0,,,,,1,28,53,85
979,2024-02-10 19:00:00,20.6,42.0,,,,,1,27,60,79
980,2024-02-10 20:00:00,19.9,40.0,,,,,1,25,65,67
981,2024-02-10 21:00:00,20.0,41.0,,,,,1,25,67,78
982,2024-02-10 22:00:00,23.4,48.0,,,,,1,24,73,183
983,2024-02-10 23:00:00,22.1,45.0,,,,,1,23,75,120
984,2024-02-11 00:00:00,18.3,37.0,,,,,1,23,78,112
985,2024-02-11 01:00:00,17.6,36.0,,,,,0,22,85,162
986,2024-02-11 02:00:00,18.8,38.0,,,,,1,21,87,186
987,2024-02-11 03:00:00,19.8,41.0,,,,,0,20,91,186
988,2024-02-11 04:00:00,17.2,35.0,,,,,0,20,93,208
989,2024-02-11 05:00:00,14.2,29.0,,,,,0,20,93,176
990,2024-02-11 06:00:00,12.9,24.0,,,,,1,20,95,189
991,2024-02-11 07:00:00,15.5,32.0,,,,,1,21,92,139
992,2024-02-11 08:00:00,19.2,39.0,,,,,1,24,81,161
993,2024-02-11 09:00:00,23.5,48.0,,,,,1,27,66,83
994,2024-02-11 10:00:00,24.6,50.0,,,,,2,29,58,82
995,2024-02-11 11:00:00,26.2,54.0,,,,,2,29,55,88
996,2024-02-11 12:00:00,24.7,51.0,,,,,2,31,51,93
997,2024-02-11 13:00:00,23.8,49.0,,,,,2,31,47,86
998,2024-02-11 14:00:00,23.2,47.0,,,,,2,31,48,95
999,2024-02-11 15:00:00,23.5,48.0,,,,,2,31,50,75
1000,2024-02-11 16:00:00,23.6,48.0,,,,,2,30,50,72
1001,2024-02-11 17:00:00,20.1,41.0,,,,,2,29,56,75
1002,2024-02-11 18:00:00,19.1,39.0,,,,,2,27,62,83
1003,2024-02-11 19:00:00,18.7,38.0,,,,,2,26,66,78
1004,2024-02-11 20:00:00,19.9,41.0,,,,,1,25,70,71
1005,2024-02-11 21:00:00,21.5,44.0,,,,,1,24,76,145
1006,2024-02-11 22:00:00,25.0,51.0,,,,,1,23,81,184
1007,2024-02-11 23:00:00,24.0,49.0,,,,,1,22,84,228
1008,2024-02-12 00:00:00,22.5,46.0,,,,,0,22,87,191
1009,2024-02-12 01:00:00,21.8,45.0,,,,,1,21,90,191
1010,2024-02-12 02:00:00,20.8,43.0,,,,,0,21,91,204
1011,2024-02-12 03:00:00,18.5,38.0,,,,,1,20,92,168
1012,2024-02-12 04:00:00,15.1,31.0,,,,,0,20,94,201
1013,2024-02-12 05:00:00,13.5,26.0,,,,,1,20,95,182
1014,2024-02-12 06:00:00,12.7,22.0,,,,,0,19,95,200
1015,2024-02-12 07:00:00,11.6,24.0,,,,,0,20,93,144
1016,2024-02-12 08:00:00,15.0,31.0,,,,,1,24,79,79
1017,2024-02-12 09:00:00,17.6,36.0,,,,,1,27,64,75
1018,2024-02-12 10:00:00,19.7,40.0,,,,,1,28,58,101
1019,2024-02-12 11:00:00,21.1,43.0,,,,,2,30,54,87
1020,2024-02-12 12:00:00,20.1,41.0,,,,,2,30,51,86
1021,2024-02-12 13:00:00,22.2,45.0,,,,,2,31,51,80
1022,2024-02-12 14:00:00,24.6,50.0,,,,,2,31,49,84
1023,2024-02-12 15:00:00,23.6,48.0,,,,,2,31,51,92
1024,2024-02-12 16:00:00,21.4,44.0,,,,,3,30,52,89
1025,2024-02-12 17:00:00,19.6,36.0,,,,,2,29,58,79
1026,2024-02-12 18:00:00,18.2,31.0,,,,,2,27,62,99
1027,2024-02-12 19:00:00,14.9,30.0,,,,,2,26,65,214
1028,2024-02-12 20:00:00,16.4,33.0,,,,,1,25,70,71
1029,2024-02-12 21:00:00,20.0,41.0,,,,,1,24,75,71
1030,2024-02-12 22:00:00,21.8,45.0,,,,,1,23,79,78
1031,2024-02-12 23:00:00,21.0,43.0,,,,,1,22,85,192
1032,2024-02-13 00:00:00,19.9,41.0,,,,,0,21,89,110
1033,2024-02-13 01:00:00,19.6,40.0,,,,,0,21,90,174
1034,2024-02-13 02:00:00,18.6,38.0,,,,,0,21,92,199
1035,2024-02-13 03:00:00,19.9,39.0,,,,,0,21,92,140
1036,2024-02-13 04:00:00,18.0,37.0,,,,,1,21,91,80
1037,2024-02-13 05:00:00,17.3,31.0,,,,,1,21,92,193
1038,2024-02-13 06:00:00,15.8,26.0,,,,,0,20,95,190
1039,2024-02-13 07:00:00,16.9,35.0,,,,,0,22,91,164
1040,2024-02-13 08:00:00,21.9,45.0,,,,,1,25,80,123
1041,2024-02-13 09:00:00,29.3,61.0,,,,,1,28,66,96
1042,2024-02-13 10:00:00,24.2,56.0,,,,,2,29,60,87
1043,2024-02-13 11:00:00,21.1,44.0,,,,,2,30,56,87
1044,2024-02-13 12:00:00,20.7,43.0,,,,,2,31,54,81
1045,2024-02-13 13:00:00,21.3,44.0,,,,,2,31,57,89
1046,2024-02-13 14:00:00,19.6,38.0,,,,,2,29,62,82
1047,2024-02-13 15:00:00,18.6,38.0,,,,,2,30,61,80
1048,2024-02-13 16:00:00,17.1,35.0,,,,,2,27,70,90
1049,2024-02-13 17:00:00,14.0,29.0,,,,,1,26,71,97
1050,2024-02-13 18:00:00,11.8,24.0,,,,,1,26,71,69
1051,2024-02-13 19:00:00,13.6,28.0,,,,,1,25,75,69
1052,2024-02-13 20:00:00,19.2,39.0,,,,,1,25,79,58
1053,2024-02-13 21:00:00,21.7,44.0,,,,,1,25,82,75
1054,2024-02-13 22:00:00,21.6,44.0,,,,,1,23,91,195
1055,2024-02-13 23:00:00,18.1,37.0,,,,,1,23,92,172
1056,2024-02-14 00:00:00,15.4,31.0,,,,,0,23,94,141
1057,2024-02-14 01:00:00,16.0,33.0,,,,,0,23,94,132
1058,2024-02-14 02:00:00,15.8,32.0,,,,,1,23,95,205
1059,2024-02-14 03:00:00,15.5,31.0,,,,,0,23,95,154
1060,2024-02-14 04:00:00,13.5,28.0,,,,,0,23,95,85
1061,2024-02-14 05:00:00,11.2,23.0,,,,,1,23,95,167
1062,2024-02-14 06:00:00,10.6,20.0,,,,,0,23,95,77
1063,2024-02-14 07:00:00,9.6,18.0,,,,,1,23,94,194
1064,2024-02-14 08:00:00,10.6,22.0,,,,,1,24,90,156
1065,2024-02-14 09:00:00,12.0,24.0,,,,,1,26,80,79
1066,2024-02-14 10:00:00,13.2,27.0,,,,,2,27,74,99
1067,2024-02-14 11:00:00,15.6,32.0,,,,,2,30,64,106
1068,2024-02-14 12:00:00,16.6,32.0,,,,,2,31,58,102
1069,2024-02-14 13:00:00,15.7,31.0,,,,,2,30,65,98
1070,2024-02-14 14:00:00,15.8,32.0,,,,,1,30,62,97
1071,2024-02-14 15:00:00,16.6,33.0,,,,,1,31,59,136
1072,2024-02-14 16:00:00,15.4,31.0,,,,,2,30,63,84
1073,2024-02-14 17:00:00,18.1,37.0,,,,,2,29,67,63
1074,2024-02-14 18:00:00,20.5,42.0,,,,,2,28,72,75
1075,2024-02-14 19:00:00,23.5,46.0,,,,,1,27,75,86
1076,2024-02-14 20:00:00,24.2,47.0,,,,,1,26,76,62
1077,2024-02-14 21:00:00,23.2,45.0,,,,,1,25,80,74
1078,2024-02-14 22:00:00,24.2,47.0,,,,,1,25,81,79
1079,2024-02-14 23:00:00,23.2,47.0,,,,,1,24,86,139
1080,2024-02-15 00:00:00,22.2,46.0,,,,,1,23,91,156
1081,2024-02-15 01:00:00,23.2,47.0,,,,,1,22,91,137
1082,2024-02-15 02:00:00,20.2,44.0,,,,,1,23,90,171
1083,2024-02-15 03:00:00,23.2,47.0,,,,,1,23,86,98
1084,2024-02-15 04:00:00,20.2,44.0,,,,,1,23,88,193
1085,2024-02-15 05:00:00,21.2,46.0,,,,,1,23,91,255
1086,2024-02-15 06:00:00,17.2,35.0,,,,,1,22,93,175
1087,2024-02-15 07:00:00,14.8,27.0,,,,,0,23,94,162
1088,2024-02-15 08:00:00,15.1,28.0,,,,,1,24,90,83
1089,2024-02-15 09:00:00,12.4,25.0,,,,,1,27,77,101
1090,2024-02-15 10:00:00,14.0,29.0,,,,,2,29,66,103
1091,2024-02-15 11:00:00,13.9,28.0,,,,,2,31,57,111
1092,2024-02-15 12:00:00,18.1,37.0,,,,,2,32,50,110
1093,2024-02-15 13:00:00,19.8,40.0,,,,,2,33,46,104
1094,2024-02-15 14:00:00,18.9,39.0,,,,,2,33,44,96
1095,2024-02-15 15:00:00,18.0,37.0,,,,,2,34,44,86
1096,2024-02-15 16:00:00,16.7,34.0,,,,,2,33,44,78
1097,2024-02-15 17:00:00,17.4,35.0,,,,,2,31,47,67
1098,2024-02-15 18:00:00,21.8,45.0,,,,,1,29,55,75
1099,2024-02-15 19:00:00,26.4,56.0,,,,,1,27,62,59
1100,2024-02-15 20:00:00,30.5,60.0,,,,,1,26,68,79
1101,2024-02-15 21:00:00,31.3,64.0,,,,,1,25,72,88
1102,2024-02-15 22:00:00,31.8,65.0,,,,,1,24,77,112
1103,2024-02-15 23:00:00,31.0,63.0,,,,,1,22,85,191
1104,2024-02-16 00:00:00,27.0,55.0,,,,,1,22,87,168
1105,2024-02-16 01:00:00,26.0,53.0,,,,,1,21,89,161
1106,2024-02-16 02:00:00,23.5,48.0,,,,,0,21,91,173
1107,2024-02-16 03:00:00,19.4,40.0,,,,,0,20,93,160
1108,2024-02-16 04:00:00,18.4,36.0,,,,,1,20,94,148
1109,2024-02-16 05:00:00,15.5,29.0,,,,,1,20,94,178
1110,2024-02-16 06:00:00,12.6,22.0,,,,,0,19,96,212
1111,2024-02-16 07:00:00,11.3,19.0,,,,,1,21,92,165
1112,2024-02-16 08:00:00,13.0,27.0,,,,,1,24,81,130
1113,2024-02-16 09:00:00,21.0,43.0,,,,,1,28,66,99
1114,2024-02-16 10:00:00,25.7,57.0,,,,,2,30,59,97
1115,2024-02-16 11:00:00,27.8,59.0,,,,,2,31,57,79
1116,2024-02-16 12:00:00,27.4,54.0,,,,,2,32,55,93
1117,2024-02-16 13:00:00,24.8,51.0,,,,,2,33,48,90
1118,2024-02-16 14:00:00,24.3,50.0,,,,,2,34,44,89
1119,2024-02-16 15:00:00,22.4,46.0,,,,,2,33,45,101
1120,2024-02-16 16:00:00,20.0,41.0,,,,,2,32,51,84
1121,2024-02-16 17:00:00,16.4,34.0,,,,,2,31,54,106
1122,2024-02-16 18:00:00,15.2,27.0,,,,,2,29,62,66
1123,2024-02-16 19:00:00,13.5,24.0,,,,,2,27,68,79
1124,2024-02-16 20:00:00,15.1,25.0,,,,,1,26,73,66
1125,2024-02-16 21:00:00,13.9,28.0,,,,,1,25,78,69
1126,2024-02-16 22:00:00,13.5,28.0,,,,,1,24,82,95
1127,2024-02-16 23:00:00,12.6,26.0,,,,,0,23,88,145
1128,2024-02-17 00:00:00,15.1,31.0,,,,,0,23,89,113
1129,2024-02-17 01:00:00,15.2,31.0,,,,,0,22,92,187
1130,2024-02-17 02:00:00,13.1,27.0,,,,,1,21,94,152
1131,2024-02-17 03:00:00,14.3,28.0,,,,,1,20,95,186
1132,2024-02-17 04:00:00,12.8,26.0,,,,,0,20,96,171
1133,2024-02-17 05:00:00,12.3,23.0,,,,,0,20,96,153
1134,2024-02-17 06:00:00,10.1,21.0,,,,,1,20,96,138
1135,2024-02-17 07:00:00,8.9,18.0,,,,,1,21,94,99
1136,2024-02-17 08:00:00,10.3,21.0,,,,,1,24,83,109
1137,2024-02-17 09:00:00,13.9,28.0,,,,,1,27,68,88
1138,2024-02-17 10:00:00,17.0,35.0,,,,,2,29,58,108
1139,2024-02-17 11:00:00,20.3,42.0,,,,,2,31,52,99
1140,2024-02-17 12:00:00,23.1,47.0,,,,,2,33,46,123
1141,2024-02-17 13:00:00,20.2,41.0,,,,,2,34,42,91
1142,2024-02-17 14:00:00,19.5,40.0,,,,,2,34,39,100
1143,2024-02-17 15:00:00,17.1,35.0,,,,,2,34,41,76
1144,2024-02-17 16:00:00,15.1,31.0,,,,,2,34,44,100
1145,2024-02-17 17:00:00,13.9,26.0,,,,,2,31,51,97
1146,2024-02-17 18:00:00,14.7,28.0,,,,,2,29,57,75
1147,2024-02-17 19:00:00,13.2,21.0,,,,,1,28,65,70
1148,2024-02-17 20:00:00,13.4,27.0,,,,,1,26,71,102
1149,2024-02-17 21:00:00,18.4,38.0,,,,,1,25,77,80
1150,2024-02-17 22:00:00,19.3,39.0,,,,,1,24,82,152
1151,2024-02-17 23:00:00,16.2,33.0,,,,,1,24,86,128
1152,2024-02-18 00:00:00,15.8,32.0,,,,,0,23,88,170
1153,2024-02-18 01:00:00,16.8,34.0,,,,,1,23,90,113
1154,2024-02-18 02:00:00,15.4,31.0,,,,,1,23,89,125
1155,2024-02-18 03:00:00,14.4,30.0,,,,,0,22,91,136
1156,2024-02-18 04:00:00,14.7,30.0,,,,,0,22,93,118
1157,2024-02-18 05:00:00,13.2,27.0,,,,,0,21,94,183
1158,2024-02-18 06:00:00,10.9,22.0,,,,,0,22,94,110
1159,2024-02-18 07:00:00,10.4,19.0,,,,,1,23,90,118
1160,2024-02-18 08:00:00,11.7,20.0,,,,,1,25,80,133
1161,2024-02-18 09:00:00,13.4,27.0,,,,,1,28,69,138
1162,2024-02-18 10:00:00,18.4,38.0,,,,,1,30,61,145
1163,2024-02-18 11:00:00,18.0,37.0,,,,,1,31,57,183
1164,2024-02-18 12:00:00,22.0,45.0,,,,,1,33,51,143
1165,2024-02-18 13:00:00,20.2,41.0,,,,,1,34,49,139
1166,2024-02-18 14:00:00,15.9,32.0,,,,,1,34,50,115
1167,2024-02-18 15:00:00,13.9,28.0,,,,,1,32,60,199
1168,2024-02-18 16:00:00,15.6,32.0,,,,,2,26,86,201
1169,2024-02-18 17:00:00,14.1,29.0,,,,,1,25,92,166
1170,2024-02-18 18:00:00,11.7,24.0,,,,,1,24,94,251
1171,2024-02-18 19:00:00,10.9,20.0,,,,,0,24,95,186
1172,2024-02-18 20:00:00,11.8,22.0,,,,,1,24,96,202
1173,2024-02-18 21:00:00,10.1,20.0,,,,,1,24,96,230
1174,2024-02-18 22:00:00,9.5,18.0,,,,,0,24,96,143
1175,2024-02-18 23:00:00,9.2,19.0,,,,,0,24,96,148
1176,2024-02-19 00:00:00,11.8,24.0,,,,,0,24,96,136
1177,2024-02-19 01:00:00,11.3,23.0,,,,,0,24,97,138
1178,2024-02-19 02:00:00,12.6,26.0,,,,,0,24,97,90
1179,2024-02-19 03:00:00,12.0,25.0,,,,,1,23,97,174
1180,2024-02-19 04:00:00,14.3,29.0,,,,,0,23,97,138
1181,2024-02-19 05:00:00,13.7,28.0,,,,,1,23,97,78
1182,2024-02-19 06:00:00,11.5,24.0,,,,,1,23,97,156
1183,2024-02-19 07:00:00,11.1,23.0,,,,,0,23,97,81
1184,2024-02-19 08:00:00,13.9,29.0,,,,,1,25,94,99
1185,2024-02-19 09:00:00,16.1,33.0,,,,,1,27,79,139
1186,2024-02-19 10:00:00,14.8,30.0,,,,,1,29,67,110
1187,2024-02-19 11:00:00,19.0,39.0,,,,,1,31,59,108
1188,2024-02-19 12:00:00,19.3,40.0,,,,,1,33,54,120
1189,2024-02-19 13:00:00,15.9,32.0,,,,,1,34,52,111
1190,2024-02-19 14:00:00,12.8,26.0,,,,,2,32,59,75
1191,2024-02-19 15:00:00,12.1,25.0,,,,,2,30,67,273
1192,2024-02-19 16:00:00,10.9,22.0,,,,,1,31,66,220
1193,2024-02-19 17:00:00,10.5,19.0,,,,,1,28,74,198
1194,2024-02-19 18:00:00,10.8,22.0,,,,,1,27,80,189
1195,2024-02-19 19:00:00,11.9,24.0,,,,,1,27,83,185
1196,2024-02-19 20:00:00,13.5,28.0,,,,,1,25,90,169
1197,2024-02-19 21:00:00,12.4,25.0,,,,,1,25,93,203
1198,2024-02-19 22:00:00,13.4,27.0,,,,,0,25,94,181
1199,2024-02-19 23:00:00,14.3,29.0,,,,,1,25,94,220
1200,2024-02-20 00:00:00,12.8,26.0,,,,,1,24,95,183
1201,2024-02-20 01:00:00,12.2,25.0,,,,,1,24,95,187
1202,2024-02-20 02:00:00,10.9,22.0,,,,,0,24,95,96
1203,2024-02-20 03:00:00,11.4,23.0,,,,,1,24,96,120
1204,2024-02-20 04:00:00,12.4,25.0,,,,,1,24,96,95
1205,2024-02-20 05:00:00,11.2,23.0,,,,,1,24,96,90
1206,2024-02-20 06:00:00,9.7,20.0,,,,,1,24,95,109
1207,2024-02-20 07:00:00,8.7,18.0,,,,,1,24,93,199
1208,2024-02-20 08:00:00,9.9,20.0,,,,,1,26,86,183
1209,2024-02-20 09:00:00,10.5,22.0,,,,,1,27,78,190
1210,2024-02-20 10:00:00,12.8,26.0,,,,,1,29,70,215
1211,2024-02-20 11:00:00,15.1,31.0,,,,,1,31,62,181
1212,2024-02-20 12:00:00,18.1,37.0,,,,,1,33,56,169
1213,2024-02-20 13:00:00,18.3,37.0,,,,,1,34,49,190
1214,2024-02-20 14:00:00,15.2,31.0,,,,,2,34,53,161
1215,2024-02-20 15:00:00,12.6,26.0,,,,,1,31,61,214
1216,2024-02-20 16:00:00,11.8,22.0,,,,,1,31,64,182
1217,2024-02-20 17:00:00,9.8,20.0,,,,,1,28,77,203
1218,2024-02-20 18:00:00,10.5,22.0,,,,,2,26,84,190
1219,2024-02-20 19:00:00,9.7,20.0,,,,,1,25,88,193
1220,2024-02-20 20:00:00,12.3,25.0,,,,,1,24,92,202
1221,2024-02-20 21:00:00,12.1,25.0,,,,,1,24,95,178
1222,2024-02-20 22:00:00,11.6,24.0,,,,,1,24,95,232
1223,2024-02-20 23:00:00,11.8,24.0,,,,,0,24,95,207
1224,2024-02-21 00:00:00,10.7,22.0,,,,,0,24,96,197
1225,2024-02-21 01:00:00,11.1,23.0,,,,,0,23,96,218
1226,2024-02-21 02:00:00,10.3,21.0,,,,,0,23,96,202
1227,2024-02-21 03:00:00,11.5,23.0,,,,,0,23,96,207
1228,2024-02-21 04:00:00,11.9,24.0,,,,,1,23,97,193
1229,2024-02-21 05:00:00,10.5,21.0,,,,,0,23,97,160
1230,2024-02-21 06:00:00,9.5,19.0,,,,,0,24,97,199
1231,2024-02-21 07:00:00,8.5,17.0,,,,,1,24,97,169
1232,2024-02-21 08:00:00,8.5,17.0,,,,,1,25,94,78
1233,2024-02-21 09:00:00,12.2,25.0,,,,,1,28,79,146
1234,2024-02-21 10:00:00,17.0,35.0,,,,,1,30,66,115
1235,2024-02-21 11:00:00,16.3,33.0,,,,,1,32,56,135
1236,2024-02-21 12:00:00,17.2,39.0,,,,,1,33,47,122
1237,2024-02-21 13:00:00,16.7,34.0,,,,,1,35,44,141
1238,2024-02-21 14:00:00,14.1,29.0,,,,,1,36,41,190
1239,2024-02-21 15:00:00,12.8,26.0,,,,,1,35,42,167
1240,2024-02-21 16:00:00,12.9,26.0,,,,,2,35,42,125
1241,2024-02-21 17:00:00,11.8,24.0,,,,,1,32,51,88
1242,2024-02-21 18:00:00,11.9,20.0,,,,,1,30,57,140
1243,2024-02-21 19:00:00,13.9,29.0,,,,,1,28,66,214
1244,2024-02-21 20:00:00,13.6,28.0,,,,,1,27,74,223
1245,2024-02-21 21:00:00,12.6,26.0,,,,,1,25,81,189
1246,2024-02-21 22:00:00,14.8,30.0,,,,,0,25,86,152
1247,2024-02-21 23:00:00,19.4,40.0,,,,,0,24,90,163
1248,2024-02-22 00:00:00,18.0,37.0,,,,,0,23,92,119
1249,2024-02-22 01:00:00,17.9,37.0,,,,,0,22,93,196
1250,2024-02-22 02:00:00,16.7,34.0,,,,,1,22,93,150
1251,2024-02-22 03:00:00,17.1,35.0,,,,,1,22,93,135
1252,2024-02-22 04:00:00,17.1,35.0,,,,,0,21,94,158
1253,2024-02-22 05:00:00,14.5,30.0,,,,,0,21,96,111
1254,2024-02-22 06:00:00,12.7,24.0,,,,,0,21,96,92
1255,2024-02-22 07:00:00,12.1,21.0,,,,,0,21,96,121
1256,2024-02-22 08:00:00,16.5,34.0,,,,,1,23,93,121
1257,2024-02-22 09:00:00,20.4,40.0,,,,,1,25,81,143
1258,2024-02-22 10:00:00,20.8,43.0,,,,,1,29,62,154
1259,2024-02-22 11:00:00,22.9,53.0,,,,,1,32,45,130
1260,2024-02-22 12:00:00,20.5,51.0,,,,,1,34,38,116
1261,2024-02-22 13:00:00,23.5,52.0,,,,,2,36,35,140
1262,2024-02-22 14:00:00,23.3,51.0,,,,,1,36,35,146
1263,2024-02-22 15:00:00,20.9,43.0,,,,,1,37,36,153
1264,2024-02-22 16:00:00,19.7,35.0,,,,,1,34,44,152
1265,2024-02-22 17:00:00,21.6,44.0,,,,,1,32,50,109
1266,2024-02-22 18:00:00,21.5,44.0,,,,,1,31,56,125
1267,2024-02-22 19:00:00,20.8,43.0,,,,,1,29,62,151
1268,2024-02-22 20:00:00,21.6,44.0,,,,,1,28,70,172
1269,2024-02-22 21:00:00,22.7,49.0,,,,,1,27,76,200
1270,2024-02-22 22:00:00,19.8,43.0,,,,,1,26,80,138
1271,2024-02-22 23:00:00,17.1,35.0,,,,,0,24,85,131
1272,2024-02-23 00:00:00,18.1,37.0,,,,,1,23,89,94
1273,2024-02-23 01:00:00,18.5,40.0,,,,,0,23,91,138
1274,2024-02-23 02:00:00,16.7,34.0,,,,,1,22,94,193
1275,2024-02-23 03:00:00,13.6,28.0,,,,,1,22,94,166
1276,2024-02-23 04:00:00,12.7,24.0,,,,,0,21,94,149
1277,2024-02-23 05:00:00,10.4,21.0,,,,,0,21,95,134
1278,2024-02-23 06:00:00,9.1,18.0,,,,,0,20,96,157
1279,2024-02-23 07:00:00,11.2,23.0,,,,,1,21,96,104
1280,2024-02-23 08:00:00,14.5,30.0,,,,,1,23,92,90
1281,2024-02-23 09:00:00,18.7,38.0,,,,,1,27,74,124
1282,2024-02-23 10:00:00,19.6,42.0,,,,,1,30,60,91
1283,2024-02-23 11:00:00,20.8,43.0,,,,,2,32,52,120
1284,2024-02-23 12:00:00,22.6,50.0,,,,,2,34,43,107
1285,2024-02-23 13:00:00,20.2,49.0,,,,,2,35,36,107
1286,2024-02-23 14:00:00,19.5,40.0,,,,,1,36,32,124
1287,2024-02-23 15:00:00,21.6,44.0,,,,,2,36,35,101
1288,2024-02-23 16:00:00,21.6,44.0,,,,,2,35,41,101
1289,2024-02-23 17:00:00,17.7,36.0,,,,,2,32,49,93
1290,2024-02-23 18:00:00,13.9,28.0,,,,,1,30,56,119
1291,2024-02-23 19:00:00,13.2,27.0,,,,,1,28,65,78
1292,2024-02-23 20:00:00,11.9,24.0,,,,,1,27,69,148
1293,2024-02-23 21:00:00,13.9,29.0,,,,,0,25,78,121
1294,2024-02-23 22:00:00,17.5,36.0,,,,,0,24,83,115
1295,2024-02-23 23:00:00,17.2,35.0,,,,,1,23,88,103
1296,2024-02-24 00:00:00,16.5,34.0,,,,,0,23,90,130
1297,2024-02-24 01:00:00,14.0,29.0,,,,,0,22,92,105
1298,2024-02-24 02:00:00,11.7,24.0,,,,,0,21,93,145
1299,2024-02-24 03:00:00,11.7,24.0,,,,,0,21,95,138
1300,2024-02-24 04:00:00,10.7,22.0,,,,,1,21,96,171
1301,2024-02-24 05:00:00,9.1,19.0,,,,,1,21,96,109
1302,2024-02-24 06:00:00,8.1,17.0,,,,,1,21,95,114
1303,2024-02-24 07:00:00,7.7,16.0,,,,,1,22,91,92
1304,2024-02-24 08:00:00,9.9,20.0,,,,,1,24,82,90
1305,2024-02-24 09:00:00,13.5,28.0,,,,,1,27,65,111
1306,2024-02-24 10:00:00,13.0,27.0,,,,,1,30,58,108
1307,2024-02-24 11:00:00,15.2,31.0,,,,,1,32,50,125
1308,2024-02-24 12:00:00,14.7,30.0,,,,,2,33,41,126
1309,2024-02-24 13:00:00,16.1,33.0,,,,,2,35,41,131
1310,2024-02-24 14:00:00,14.0,29.0,,,,,2,34,43,115
1311,2024-02-24 15:00:00,13.1,27.0,,,,,2,35,41,89
1312,2024-02-24 16:00:00,12.5,26.0,,,,,2,35,40,81
1313,2024-02-24 17:00:00,10.8,22.0,,,,,1,33,46,79
1314,2024-02-24 18:00:00,9.2,19.0,,,,,1,30,53,95
1315,2024-02-24 19:00:00,9.4,19.0,,,,,1,28,62,102
1316,2024-02-24 20:00:00,12.1,25.0,,,,,1,27,71,169
1317,2024-02-24 21:00:00,14.6,30.0,,,,,0,25,78,130
1318,2024-02-24 22:00:00,13.6,28.0,,,,,0,24,83,144
1319,2024-02-24 23:00:00,13.4,27.0,,,,,0,23,87,120
1320,2024-02-25 00:00:00,14.7,30.0,,,,,0,22,90,143
1321,2024-02-25 01:00:00,13.5,28.0,,,,,0,22,89,139
1322,2024-02-25 02:00:00,12.7,26.0,,,,,0,21,92,173
1323,2024-02-25 03:00:00,12.8,26.0,,,,,0,21,93,113
1324,2024-02-25 04:00:00,12.5,26.0,,,,,0,22,92,161
1325,2024-02-25 05:00:00,11.1,23.0,,,,,0,21,93,146
1326,2024-02-25 06:00:00,10.6,20.0,,,,,0,21,94,167
1327,2024-02-25 07:00:00,11.5,22.0,,,,,1,22,90,110
1328,2024-02-25 08:00:00,11.3,20.0,,,,,1,25,76,91
1329,2024-02-25 09:00:00,12.3,23.0,,,,,1,28,60,102
1330,2024-02-25 10:00:00,13.7,28.0,,,,,1,31,53,109
1331,2024-02-25 11:00:00,17.1,35.0,,,,,1,32,48,131
1332,2024-02-25 12:00:00,20.5,41.0,,,,,2,34,45,155
1333,2024-02-25 13:00:00,20.2,42.0,,,,,2,35,42,125
1334,2024-02-25 14:00:00,18.3,37.0,,,,,2,35,41,104
1335,2024-02-25 15:00:00,23.1,47.0,,,,,2,34,45,75
1336,2024-02-25 16:00:00,21.9,43.0,,,,,2,35,43,94
1337,2024-02-25 17:00:00,17.2,35.0,,,,,2,32,48,119
1338,2024-02-25 18:00:00,15.2,31.0,,,,,1,30,54,64
1339,2024-02-25 19:00:00,22.0,45.0,,,,,1,28,65,63
1340,2024-02-25 20:00:00,24.8,51.0,,,,,1,27,73,67
1341,2024-02-25 21:00:00,24.0,49.0,,,,,1,26,77,74
1342,2024-02-25 22:00:00,24.9,51.0,,,,,1,25,83,68
1343,2024-02-25 23:00:00,27.2,60.0,,,,,1,24,87,184
1344,2024-02-26 00:00:00,26.7,57.0,,,,,1,23,90,199
1345,2024-02-26 01:00:00,22.8,51.0,,,,,0,23,91,152
1346,2024-02-26 02:00:00,21.7,41.0,,,,,0,22,93,173
1347,2024-02-26 03:00:00,23.3,48.0,,,,,1,21,93,152
1348,2024-02-26 04:00:00,20.2,41.0,,,,,0,21,95,214
1349,2024-02-26 05:00:00,15.9,33.0,,,,,0,20,95,164
1350,2024-02-26 06:00:00,14.7,29.0,,,,,1,20,96,209
1351,2024-02-26 07:00:00,14.3,27.0,,,,,0,21,95,130
1352,2024-02-26 08:00:00,21.3,44.0,,,,,1,24,85,113
1353,2024-02-26 09:00:00,22.1,47.0,,,,,2,27,72,73
1354,2024-02-26 10:00:00,,,,,,,0,0,0,0
1355,2024-02-26 11:00:00,,,,,,,0,0,0,0
1356,2024-02-26 12:00:00,,,,,,,0,0,0,0
1357,2024-02-26 13:00:00,20.1,41.0,,,,,2,32,50,69
1358,2024-02-26 14:00:00,18.9,40.0,,,,,2,33,44,93
1359,2024-02-26 15:00:00,22.5,43.0,,,,,2,34,45,98
1360,2024-02-26 16:00:00,22.9,47.0,,,,,2,33,51,94
1361,2024-02-26 17:00:00,20.5,42.0,,,,,2,31,56,87
1362,2024-02-26 18:00:00,19.5,41.0,,,,,1,29,61,66
1363,2024-02-26 19:00:00,20.3,42.0,,,,,1,27,66,63
1364,2024-02-26 20:00:00,17.0,35.0,,,,,1,26,71,179
1365,2024-02-26 21:00:00,19.8,41.0,,,,,1,25,77,135
1366,2024-02-26 22:00:00,23.3,44.0,,,,,1,24,82,156
1367,2024-02-26 23:00:00,23.0,47.0,,,,,1,23,87,166
1368,2024-02-27 00:00:00,24.2,52.0,,,,,1,22,89,141
1369,2024-02-27 01:00:00,22.8,51.0,,,,,0,21,91,165
1370,2024-02-27 02:00:00,20.4,42.0,,,,,1,20,93,157
1371,2024-02-27 03:00:00,20.6,42.0,,,,,1,20,94,170
1372,2024-02-27 04:00:00,18.2,37.0,,,,,1,20,93,137
1373,2024-02-27 05:00:00,15.4,32.0,,,,,1,20,93,176
1374,2024-02-27 06:00:00,14.1,27.0,,,,,1,19,95,204
1375,2024-02-27 07:00:00,15.6,32.0,,,,,1,21,94,130
1376,2024-02-27 08:00:00,22.2,41.0,,,,,1,24,81,127
1377,2024-02-27 09:00:00,23.4,46.0,,,,,1,27,65,111
1378,2024-02-27 10:00:00,22.2,40.0,,,,,2,30,56,97
1379,2024-02-27 11:00:00,20.9,41.0,,,,,2,31,51,93
1380,2024-02-27 12:00:00,21.9,42.0,,,,,2,33,47,96
1381,2024-02-27 13:00:00,20.9,41.0,,,,,2,33,45,96
1382,2024-02-27 14:00:00,18.9,40.0,,,,,2,34,42,102
1383,2024-02-27 15:00:00,19.8,41.0,,,,,2,35,40,89
1384,2024-02-27 16:00:00,16.8,34.0,,,,,2,33,43,86
1385,2024-02-27 17:00:00,17.7,36.0,,,,,2,31,54,84
1386,2024-02-27 18:00:00,17.5,39.0,,,,,2,29,59,69
1387,2024-02-27 19:00:00,15.9,32.0,,,,,1,27,66,83
1388,2024-02-27 20:00:00,17.7,37.0,,,,,1,26,70,69
1389,2024-02-27 21:00:00,21.6,44.0,,,,,1,26,76,88
1390,2024-02-27 22:00:00,23.3,46.0,,,,,1,25,81,235
1391,2024-02-27 23:00:00,21.6,44.0,,,,,1,24,83,183
1392,2024-02-28 00:00:00,19.1,39.0,,,,,0,23,87,198
1393,2024-02-28 01:00:00,18.8,38.0,,,,,1,22,88,179
1394,2024-02-28 02:00:00,16.0,33.0,,,,,1,22,89,192
1395,2024-02-28 03:00:00,15.1,31.0,,,,,1,22,89,164
1396,2024-02-28 04:00:00,15.5,32.0,,,,,1,21,90,157
1397,2024-02-28 05:00:00,13.6,28.0,,,,,1,21,91,151
1398,2024-02-28 06:00:00,12.4,23.0,,,,,1,21,92,194
1399,2024-02-28 07:00:00,13.9,26.0,,,,,1,22,89,130
1400,2024-02-28 08:00:00,20.4,40.0,,,,,1,25,76,162
1401,2024-02-28 09:00:00,21.8,44.0,,,,,1,29,63,96
1402,2024-02-28 10:00:00,20.7,42.0,,,,,2,30,56,99
1403,2024-02-28 11:00:00,20.3,40.0,,,,,2,32,48,101
1404,2024-02-28 12:00:00,19.9,39.0,,,,,2,34,43,119
1405,2024-02-28 13:00:00,18.7,40.0,,,,,2,34,44,109
1406,2024-02-28 14:00:00,20.4,49.0,,,,,2,34,42,118
1407,2024-02-28 15:00:00,21.6,44.0,,,,,2,33,46,76
1408,2024-02-28 16:00:00,19.1,37.0,,,,,2,33,46,89
1409,2024-02-28 17:00:00,17.8,34.0,,,,,2,31,53,72
1410,2024-02-28 18:00:00,15.6,30.0,,,,,2,29,58,64
1411,2024-02-28 19:00:00,16.9,30.0,,,,,1,27,62,60
1412,2024-02-28 20:00:00,17.9,35.0,,,,,1,26,64,61
1413,2024-02-28 21:00:00,17.8,36.0,,,,,1,25,67,66
1414,2024-02-28 22:00:00,16.9,35.0,,,,,1,25,69,64
1415,2024-02-28 23:00:00,18.0,37.0,,,,,1,24,74,70
1416,2024-02-29 00:00:00,21.3,44.0,,,,,1,23,78,73
1417,2024-02-29 01:00:00,22.5,46.0,,,,,1,22,81,132
1418,2024-02-29 02:00:00,19.5,40.0,,,,,1,22,83,157
1419,2024-02-29 03:00:00,19.0,39.0,,,,,0,21,88,139
1420,2024-02-29 04:00:00,20.5,40.0,,,,,0,20,92,201
1421,2024-02-29 05:00:00,18.9,35.0,,,,,0,19,94,159
1422,2024-02-29 06:00:00,15.4,29.0,,,,,0,19,95,132
1423,2024-02-29 07:00:00,16.3,31.0,,,,,1,20,91,111
1424,2024-02-29 08:00:00,22.9,45.0,,,,,1,24,79,110
1425,2024-02-29 09:00:00,23.9,49.0,,,,,1,27,62,110
1426,2024-02-29 10:00:00,25.1,50.0,,,,,2,30,51,107
1427,2024-02-29 11:00:00,23.8,48.0,,,,,2,32,46,97
1428,2024-02-29 12:00:00,20.7,45.0,,,,,2,34,39,108
1429,2024-02-29 13:00:00,19.9,42.0,,,,,2,35,35,92
1430,2024-02-29 14:00:00,18.8,41.0,,,,,2,35,39,113
1431,2024-02-29 15:00:00,21.5,44.0,,,,,2,35,40,111
1432,2024-02-29 16:00:00,19.6,40.0,,,,,2,34,40,91
1433,2024-02-29 17:00:00,16.7,34.0,,,,,2,32,44,110
1434,2024-02-29 18:00:00,18.4,37.0,,,,,1,30,51,94
1435,2024-02-29 19:00:00,17.7,34.0,,,,,1,28,58,78
1436,2024-02-29 20:00:00,19.4,33.0,,,,,1,27,65,154
1437,2024-02-29 21:00:00,21.8,42.0,,,,,1,26,73,115
1438,2024-02-29 22:00:00,20.0,41.0,,,,,1,24,80,94
1439,2024-02-29 23:00:00,21.1,43.0,,,,,0,23,84,138
1440,2024-03-01 00:00:00,18.9,39.0,,,,,0,22,89,96
1441,2024-03-01 01:00:00,20.0,41.0,,,,,0,22,90,203
1442,2024-03-01 02:00:00,20.0,41.0,,,,,0,22,91,119
1443,2024-03-01 03:00:00,18.4,38.0,,,,,1,21,93,203
1444,2024-03-01 04:00:00,17.5,32.0,,,,,0,21,94,135
1445,2024-03-01 05:00:00,15.9,29.0,,,,,0,21,95,161
1446,2024-03-01 06:00:00,14.9,28.0,,,,,0,20,95,204
1447,2024-03-01 07:00:00,16.1,29.0,,,,,1,22,92,129
1448,2024-03-01 08:00:00,16.0,33.0,,,,,1,25,81,114
1449,2024-03-01 09:00:00,19.3,40.0,,,,,1,28,70,122
1450,2024-03-01 10:00:00,21.6,44.0,,,,,2,30,66,91
1451,2024-03-01 11:00:00,22.7,48.0,,,,,2,29,67,79
1452,2024-03-01 12:00:00,21.8,45.0,,,,,2,30,63,88
1453,2024-03-01 13:00:00,17.6,36.0,,,,,2,31,62,83
1454,2024-03-01 14:00:00,15.4,32.0,,,,,2,30,67,84
1455,2024-03-01 15:00:00,15.2,30.0,,,,,2,30,66,82
1456,2024-03-01 16:00:00,16.1,32.0,,,,,2,30,68,77
1457,2024-03-01 17:00:00,15.1,27.0,,,,,2,29,68,77
1458,2024-03-01 18:00:00,15.7,29.0,,,,,2,28,71,100
1459,2024-03-01 19:00:00,16.3,31.0,,,,,1,27,73,100
1460,2024-03-01 20:00:00,17.7,32.0,,,,,1,27,75,106
1461,2024-03-01 21:00:00,18.1,33.0,,,,,1,26,78,81
1462,2024-03-01 22:00:00,17.4,29.0,,,,,1,25,83,80
1463,2024-03-01 23:00:00,14.9,28.0,,,,,0,24,88,86
1464,2024-03-02 00:00:00,15.4,29.0,,,,,0,23,91,176
1465,2024-03-02 01:00:00,16.9,31.0,,,,,0,22,94,210
1466,2024-03-02 02:00:00,16.3,27.0,,,,,1,22,95,123
1467,2024-03-02 03:00:00,13.9,24.0,,,,,0,21,95,213
1468,2024-03-02 04:00:00,13.7,22.0,,,,,0,21,95,118
1469,2024-03-02 05:00:00,12.6,24.0,,,,,1,21,96,110
1470,2024-03-02 06:00:00,14.6,28.0,,,,,0,21,96,141
1471,2024-03-02 07:00:00,15.1,31.0,,,,,1,22,94,183
1472,2024-03-02 08:00:00,13.6,28.0,,,,,1,24,87,129
1473,2024-03-02 09:00:00,15.8,32.0,,,,,1,28,73,109
1474,2024-03-02 10:00:00,18.5,38.0,,,,,1,30,62,110
1475,2024-03-02 11:00:00,18.1,37.0,,,,,2,31,57,107
1476,2024-03-02 12:00:00,18.3,37.0,,,,,1,32,54,97
1477,2024-03-02 13:00:00,17.5,36.0,,,,,1,33,51,122
1478,2024-03-02 14:00:00,15.7,32.0,,,,,2,34,50,87
1479,2024-03-02 15:00:00,14.4,27.0,,,,,3,29,71,72
1480,2024-03-02 16:00:00,15.4,29.0,,,,,2,26,88,83
1481,2024-03-02 17:00:00,14.5,25.0,,,,,2,26,83,72
1482,2024-03-02 18:00:00,16.3,31.0,,,,,1,25,84,71
1483,2024-03-02 19:00:00,18.7,35.0,,,,,1,25,87,92
1484,2024-03-02 20:00:00,19.7,36.0,,,,,1,24,90,166
1485,2024-03-02 21:00:00,18.9,34.0,,,,,1,24,92,159
1486,2024-03-02 22:00:00,16.4,33.0,,,,,1,24,94,185
1487,2024-03-02 23:00:00,14.6,32.0,,,,,0,23,94,133
1488,2024-03-03 00:00:00,15.6,32.0,,,,,0,23,95,146
1489,2024-03-03 01:00:00,16.3,33.0,,,,,0,23,96,148
1490,2024-03-03 02:00:00,14.6,30.0,,,,,0,23,96,124
1491,2024-03-03 03:00:00,11.9,22.0,,,,,0,22,96,165
1492,2024-03-03 04:00:00,12.7,24.0,,,,,0,22,96,113
1493,2024-03-03 05:00:00,13.5,26.0,,,,,0,23,96,126
1494,2024-03-03 06:00:00,12.2,22.0,,,,,0,23,96,193
1495,2024-03-03 07:00:00,11.4,20.0,,,,,1,23,96,159
1496,2024-03-03 08:00:00,9.8,19.0,,,,,1,25,87,112
1497,2024-03-03 09:00:00,10.9,22.0,,,,,2,28,73,91
1498,2024-03-03 10:00:00,11.9,22.0,,,,,2,30,63,85
1499,2024-03-03 11:00:00,15.8,30.0,,,,,2,31,59,88
1500,2024-03-03 12:00:00,17.2,35.0,,,,,2,32,56,102
1501,2024-03-03 13:00:00,17.4,35.0,,,,,2,31,61,81
1502,2024-03-03 14:00:00,15.1,31.0,,,,,2,31,57,74
1503,2024-03-03 15:00:00,12.6,26.0,,,,,2,31,57,106
1504,2024-03-03 16:00:00,11.8,22.0,,,,,2,32,57,106
1505,2024-03-03 17:00:00,10.4,19.0,,,,,2,30,62,107
1506,2024-03-03 18:00:00,11.4,20.0,,,,,1,28,67,142
1507,2024-03-03 19:00:00,12.7,26.0,,,,,0,27,73,198
1508,2024-03-03 20:00:00,12.4,25.0,,,,,1,26,75,156
1509,2024-03-03 21:00:00,14.3,27.0,,,,,1,26,78,230
1510,2024-03-03 22:00:00,11.9,22.0,,,,,0,24,84,143
1511,2024-03-03 23:00:00,11.2,23.0,,,,,0,23,89,207
1512,2024-03-04 00:00:00,13.0,27.0,,,,,1,23,91,145
1513,2024-03-04 01:00:00,13.1,27.0,,,,,1,23,90,198
1514,2024-03-04 02:00:00,12.4,23.0,,,,,0,22,91,201
1515,2024-03-04 03:00:00,11.1,21.0,,,,,1,22,93,105
1516,2024-03-04 04:00:00,12.3,23.0,,,,,1,21,94,234
1517,2024-03-04 05:00:00,11.0,23.0,,,,,1,21,95,144
1518,2024-03-04 06:00:00,10.9,20.0,,,,,1,21,94,170
1519,2024-03-04 07:00:00,8.9,18.0,,,,,1,22,92,148
1520,2024-03-04 08:00:00,9.2,19.0,,,,,1,25,82,103
1521,2024-03-04 09:00:00,14.6,30.0,,,,,1,28,68,159
1522,2024-03-04 10:00:00,19.6,40.0,,,,,1,30,58,173
1523,2024-03-04 11:00:00,20.8,43.0,,,,,2,33,51,108
1524,2024-03-04 12:00:00,20.8,43.0,,,,,2,33,49,109
1525,2024-03-04 13:00:00,19.8,41.0,,,,,2,34,47,105
1526,2024-03-04 14:00:00,18.9,40.0,,,,,2,35,47,82
1527,2024-03-04 15:00:00,11.4,23.0,,,,,2,35,46,110
1528,2024-03-04 16:00:00,10.4,21.0,,,,,2,34,47,102
1529,2024-03-04 17:00:00,13.1,27.0,,,,,2,33,50,74
1530,2024-03-04 18:00:00,14.1,28.0,,,,,1,31,56,90
1531,2024-03-04 19:00:00,19.1,39.0,,,,,1,29,64,131
1532,2024-03-04 20:00:00,20.4,42.0,,,,,1,28,72,130
1533,2024-03-04 21:00:00,19.6,38.0,,,,,0,26,79,152
1534,2024-03-04 22:00:00,23.5,48.0,,,,,1,26,82,143
1535,2024-03-04 23:00:00,24.9,51.0,,,,,0,25,85,157
1536,2024-03-05 00:00:00,21.6,44.0,,,,,0,24,90,146
1537,2024-03-05 01:00:00,18.9,39.0,,,,,0,23,92,129
1538,2024-03-05 02:00:00,18.0,37.0,,,,,0,23,93,160
1539,2024-03-05 03:00:00,16.5,34.0,,,,,0,23,94,172
1540,2024-03-05 04:00:00,15.4,32.0,,,,,0,23,95,117
1541,2024-03-05 05:00:00,13.4,27.0,,,,,1,22,95,82
1542,2024-03-05 06:00:00,12.5,24.0,,,,,0,22,95,108
1543,2024-03-05 07:00:00,12.1,21.0,,,,,0,23,94,141
1544,2024-03-05 08:00:00,13.1,26.0,,,,,1,25,87,164
1545,2024-03-05 09:00:00,,,,,,,0,0,0,0
1546,2024-03-05 10:00:00,,,,,,,0,0,0,0
1547,2024-03-05 11:00:00,,,,,,,0,0,0,0
1548,2024-03-05 12:00:00,,,,,,,0,0,0,0
1549,2024-03-05 13:00:00,,,,,,,0,0,0,0
1550,2024-03-05 14:00:00,12.9,23.0,,,,,2,35,43,169
1551,2024-03-05 15:00:00,11.3,21.0,,,,,2,34,47,76
1552,2024-03-05 16:00:00,15.9,33.0,,,,,2,34,46,78
1553,2024-03-05 17:00:00,12.0,24.0,,,,,1,32,52,139
1554,2024-03-05 18:00:00,10.4,21.0,,,,,1,28,76,223
1555,2024-03-05 19:00:00,14.7,30.0,,,,,1,27,83,208
1556,2024-03-05 20:00:00,23.5,48.0,,,,,1,26,85,172
1557,2024-03-05 21:00:00,21.7,44.0,,,,,0,26,88,153
1558,2024-03-05 22:00:00,18.8,38.0,,,,,1,25,89,121
1559,2024-03-05 23:00:00,19.7,40.0,,,,,1,25,89,193
1560,2024-03-06 00:00:00,18.7,38.0,,,,,0,25,90,183
1561,2024-03-06 01:00:00,19.1,39.0,,,,,0,24,92,223
1562,2024-03-06 02:00:00,16.5,34.0,,,,,1,24,91,120
1563,2024-03-06 03:00:00,14.4,30.0,,,,,1,24,93,219
1564,2024-03-06 04:00:00,14.1,29.0,,,,,0,24,94,202
1565,2024-03-06 05:00:00,15.1,30.0,,,,,0,23,95,193
1566,2024-03-06 06:00:00,14.1,29.0,,,,,0,23,95,187
1567,2024-03-06 07:00:00,11.4,22.0,,,,,1,24,95,193
1568,2024-03-06 08:00:00,19.4,40.0,,,,,1,25,90,162
1569,2024-03-06 09:00:00,22.2,45.0,,,,,1,28,77,172
1570,2024-03-06 10:00:00,21.8,45.0,,,,,1,31,64,180
1571,2024-03-06 11:00:00,23.3,48.0,,,,,2,33,57,195
1572,2024-03-06 12:00:00,23.1,47.0,,,,,2,34,50,176
1573,2024-03-06 13:00:00,21.6,44.0,,,,,1,36,44,194
1574,2024-03-06 14:00:00,18.0,37.0,,,,,1,36,44,204
1575,2024-03-06 15:00:00,15.5,30.0,,,,,2,36,48,227
1576,2024-03-06 16:00:00,15.2,31.0,,,,,3,26,83,204
1577,2024-03-06 17:00:00,13.6,28.0,,,,,1,23,94,224
1578,2024-03-06 18:00:00,13.1,23.0,,,,,1,23,95,183
1579,2024-03-06 19:00:00,11.3,20.0,,,,,0,23,95,153
1580,2024-03-06 20:00:00,11.8,22.0,,,,,1,23,95,199
1581,2024-03-06 21:00:00,12.6,24.0,,,,,1,23,95,180
1582,2024-03-06 22:00:00,15.2,31.0,,,,,0,23,96,184
1583,2024-03-06 23:00:00,14.3,29.0,,,,,0,23,96,158
1584,2024-03-07 00:00:00,12.9,24.0,,,,,0,23,96,195
1585,2024-03-07 01:00:00,13.0,26.0,,,,,0,23,96,183
1586,2024-03-07 02:00:00,13.6,28.0,,,,,0,23,96,145
1587,2024-03-07 03:00:00,13.2,27.0,,,,,1,23,97,142
1588,2024-03-07 04:00:00,16.0,33.0,,,,,0,22,97,176
1589,2024-03-07 05:00:00,14.9,31.0,,,,,1,22,97,181
1590,2024-03-07 06:00:00,12.2,25.0,,,,,1,22,97,142
1591,2024-03-07 07:00:00,11.4,21.0,,,,,1,23,97,185
1592,2024-03-07 08:00:00,10.1,20.0,,,,,1,24,96,152
1593,2024-03-07 09:00:00,12.9,24.0,,,,,1,28,80,158
1594,2024-03-07 10:00:00,14.2,29.0,,,,,1,31,66,159
1595,2024-03-07 11:00:00,16.0,37.0,,,,,1,33,57,147
1596,2024-03-07 12:00:00,16.2,38.0,,,,,1,35,47,137
1597,2024-03-07 13:00:00,14.0,33.0,,,,,1,36,42,98
1598,2024-03-07 14:00:00,13.1,31.0,,,,,2,36,43,145
1599,2024-03-07 15:00:00,11.6,27.0,,,,,2,35,44,86
1600,2024-03-07 16:00:00,9.6,23.0,,,,,2,33,51,134
1601,2024-03-07 17:00:00,9.3,20.0,,,,,2,28,77,194
1602,2024-03-07 18:00:00,11.7,21.0,,,,,2,27,84,187
1603,2024-03-07 19:00:00,12.5,22.0,,,,,2,26,83,182
1604,2024-03-07 20:00:00,11.9,21.0,,,,,1,26,82,190
1605,2024-03-07 21:00:00,13.7,25.0,,,,,1,26,86,225
1606,2024-03-07 22:00:00,16.4,29.0,,,,,0,25,89,181
1607,2024-03-07 23:00:00,18.2,28.0,,,,,0,25,92,162
1608,2024-03-08 00:00:00,17.2,29.0,,,,,1,24,95,216
1609,2024-03-08 01:00:00,15.8,28.0,,,,,0,24,95,178
1610,2024-03-08 02:00:00,18.3,34.0,,,,,1,24,95,200
1611,2024-03-08 03:00:00,18.5,34.0,,,,,0,24,95,188
1612,2024-03-08 04:00:00,19.5,37.0,,,,,1,24,94,241
1613,2024-03-08 05:00:00,17.8,33.0,,,,,1,24,92,241
1614,2024-03-08 06:00:00,15.4,27.0,,,,,1,23,93,280
1615,2024-03-08 07:00:00,13.7,25.0,,,,,1,23,94,268
1616,2024-03-08 08:00:00,12.7,23.0,,,,,1,24,91,199
1617,2024-03-08 09:00:00,13.6,27.0,,,,,1,26,85,156
1618,2024-03-08 10:00:00,14.8,35.0,,,,,1,27,80,149
1619,2024-03-08 11:00:00,18.0,40.0,,,,,1,29,72,171
1620,2024-03-08 12:00:00,16.3,38.0,,,,,1,31,59,209
1621,2024-03-08 13:00:00,13.3,32.0,,,,,1,32,55,159
1622,2024-03-08 14:00:00,12.6,30.0,,,,,1,32,52,88
1623,2024-03-08 15:00:00,10.9,26.0,,,,,1,31,55,75
1624,2024-03-08 16:00:00,12.0,28.0,,,,,1,31,57,76
1625,2024-03-08 17:00:00,13.1,26.0,,,,,1,29,63,77
1626,2024-03-08 18:00:00,15.9,38.0,,,,,0,27,72,171
1627,2024-03-08 19:00:00,16.0,38.0,,,,,0,25,81,160
1628,2024-03-08 20:00:00,16.9,30.0,,,,,1,24,83,139
1629,2024-03-08 21:00:00,15.8,28.0,,,,,1,24,85,159
1630,2024-03-08 22:00:00,18.2,32.0,,,,,1,24,86,237
1631,2024-03-08 23:00:00,17.2,30.0,,,,,0,23,89,156
1632,2024-03-09 00:00:00,15.3,29.0,,,,,0,22,92,183
1633,2024-03-09 01:00:00,17.1,31.0,,,,,0,22,94,142
1634,2024-03-09 02:00:00,16.7,32.0,,,,,0,22,94,164
1635,2024-03-09 03:00:00,15.8,30.0,,,,,0,22,95,158
1636,2024-03-09 04:00:00,17.9,33.0,,,,,0,21,96,192
1637,2024-03-09 05:00:00,16.4,29.0,,,,,0,21,96,161
1638,2024-03-09 06:00:00,14.3,24.0,,,,,0,21,96,85
1639,2024-03-09 07:00:00,13.6,21.0,,,,,1,22,95,121
1640,2024-03-09 08:00:00,14.9,23.0,,,,,1,25,85,122
1641,2024-03-09 09:00:00,14.0,33.0,,,,,1,27,74,113
1642,2024-03-09 10:00:00,18.5,39.0,,,,,1,29,58,139
1643,2024-03-09 11:00:00,17.5,37.0,,,,,1,31,49,158
1644,2024-03-09 12:00:00,19.1,38.0,,,,,2,33,48,153
1645,2024-03-09 13:00:00,17.6,35.0,,,,,2,32,51,96
1646,2024-03-09 14:00:00,15.1,31.0,,,,,2,30,58,88
1647,2024-03-09 15:00:00,14.8,30.0,,,,,2,28,68,85
1648,2024-03-09 16:00:00,13.2,27.0,,,,,1,26,76,134
1649,2024-03-09 17:00:00,12.3,22.0,,,,,1,26,76,174
1650,2024-03-09 18:00:00,12.3,20.0,,,,,0,26,79,123
1651,2024-03-09 19:00:00,13.6,24.0,,,,,0,24,86,199
1652,2024-03-09 20:00:00,14.1,27.0,,,,,1,24,88,215
1653,2024-03-09 21:00:00,13.7,26.0,,,,,1,23,91,199
1654,2024-03-09 22:00:00,15.2,25.0,,,,,1,23,93,192
1655,2024-03-09 23:00:00,14.1,27.0,,,,,1,23,92,173
1656,2024-03-10 00:00:00,12.3,22.0,,,,,1,22,94,212
1657,2024-03-10 01:00:00,13.1,23.0,,,,,0,22,96,142
1658,2024-03-10 02:00:00,13.4,26.0,,,,,1,22,96,124
1659,2024-03-10 03:00:00,12.1,22.0,,,,,0,22,96,136
1660,2024-03-10 04:00:00,11.4,20.0,,,,,1,22,96,153
1661,2024-03-10 05:00:00,10.5,18.0,,,,,1,21,97,151
1662,2024-03-10 06:00:00,9.7,17.0,,,,,0,21,97,123
1663,2024-03-10 07:00:00,10.7,19.0,,,,,1,22,96,100
1664,2024-03-10 08:00:00,11.2,20.0,,,,,1,23,93,151
1665,2024-03-10 09:00:00,12.4,22.0,,,,,1,27,76,165
1666,2024-03-10 10:00:00,15.7,30.0,,,,,1,30,62,158
1667,2024-03-10 11:00:00,18.1,36.0,,,,,1,31,58,137
1668,2024-03-10 12:00:00,18.7,37.0,,,,,2,32,50,120
1669,2024-03-10 13:00:00,20.4,44.0,,,,,3,34,43,106
1670,2024-03-10 14:00:00,21.2,45.0,,,,,3,34,42,120
1671,2024-03-10 15:00:00,19.4,39.0,,,,,2,33,45,126
1672,2024-03-10 16:00:00,20.3,41.0,,,,,1,32,49,149
1673,2024-03-10 17:00:00,18.4,36.0,,,,,1,30,53,117
1674,2024-03-10 18:00:00,20.1,40.0,,,,,1,29,56,67
1675,2024-03-10 19:00:00,21.7,44.0,,,,,1,27,66,138
1676,2024-03-10 20:00:00,22.2,47.0,,,,,1,25,77,163
1677,2024-03-10 21:00:00,23.1,47.0,,,,,0,24,79,173
1678,2024-03-10 22:00:00,25.1,50.0,,,,,1,23,87,203
1679,2024-03-10 23:00:00,24.3,50.0,,,,,1,22,90,164
1680,2024-03-11 00:00:00,22.1,45.0,,,,,0,21,93,182
1681,2024-03-11 01:00:00,21.8,42.0,,,,,1,21,93,166
1682,2024-03-11 02:00:00,20.7,42.0,,,,,1,21,94,139
1683,2024-03-11 03:00:00,22.9,45.0,,,,,1,21,93,123
1684,2024-03-11 04:00:00,21.7,40.0,,,,,0,20,95,171
1685,2024-03-11 05:00:00,19.7,32.0,,,,,0,19,96,209
1686,2024-03-11 06:00:00,19.2,30.0,,,,,1,19,96,111
1687,2024-03-11 07:00:00,20.4,36.0,,,,,1,21,94,89
1688,2024-03-11 08:00:00,19.6,35.0,,,,,1,24,82,111
1689,2024-03-11 09:00:00,18.9,33.0,,,,,1,27,64,118
1690,2024-03-11 10:00:00,20.8,45.0,,,,,1,30,53,101
1691,2024-03-11 11:00:00,24.4,48.0,,,,,1,31,47,148
1692,2024-03-11 12:00:00,23.3,46.0,,,,,1,33,43,146
1693,2024-03-11 13:00:00,21.2,42.0,,,,,1,34,42,175
1694,2024-03-11 14:00:00,21.0,40.0,,,,,2,35,40,191
1695,2024-03-11 15:00:00,18.9,45.0,,,,,2,34,41,92
1696,2024-03-11 16:00:00,15.3,36.0,,,,,2,32,45,133
1697,2024-03-11 17:00:00,14.4,29.0,,,,,2,31,47,88
1698,2024-03-11 18:00:00,13.1,24.0,,,,,1,29,53,209
1699,2024-03-11 19:00:00,14.6,30.0,,,,,1,27,63,175
1700,2024-03-11 20:00:00,15.5,35.0,,,,,1,25,72,234
1701,2024-03-11 21:00:00,14.3,29.0,,,,,0,24,80,123
1702,2024-03-11 22:00:00,16.8,30.0,,,,,0,23,85,153
1703,2024-03-11 23:00:00,18.9,33.0,,,,,0,22,89,121
1704,2024-03-12 00:00:00,16.6,30.0,,,,,0,21,91,184
1705,2024-03-12 01:00:00,17.5,35.0,,,,,0,21,93,128
1706,2024-03-12 02:00:00,19.3,36.0,,,,,1,21,93,137
1707,2024-03-12 03:00:00,18.8,35.0,,,,,0,20,93,151
1708,2024-03-12 04:00:00,17.5,34.0,,,,,0,20,95,165
1709,2024-03-12 05:00:00,18.3,39.0,,,,,0,20,96,152
1710,2024-03-12 06:00:00,20.2,40.0,,,,,1,19,96,207
1711,2024-03-12 07:00:00,21.7,41.0,,,,,0,21,94,154
1712,2024-03-12 08:00:00,19.1,36.0,,,,,1,24,82,116
1713,2024-03-12 09:00:00,18.6,38.0,,,,,1,27,69,139
1714,2024-03-12 10:00:00,18.4,40.0,,,,,1,30,59,117
1715,2024-03-12 11:00:00,20.2,43.0,,,,,1,32,48,128
1716,2024-03-12 12:00:00,21.9,49.0,,,,,2,34,41,168
1717,2024-03-12 13:00:00,21.2,43.0,,,,,2,34,41,122
1718,2024-03-12 14:00:00,19.1,40.0,,,,,2,35,38,103
1719,2024-03-12 15:00:00,18.6,35.0,,,,,2,34,40,84
1720,2024-03-12 16:00:00,17.2,31.0,,,,,2,34,41,74
1721,2024-03-12 17:00:00,16.5,29.0,,,,,1,32,45,94
1722,2024-03-12 18:00:00,17.5,32.0,,,,,1,30,51,177
1723,2024-03-12 19:00:00,18.9,35.0,,,,,1,28,62,216
1724,2024-03-12 20:00:00,18.9,36.0,,,,,1,25,71,230
1725,2024-03-12 21:00:00,17.3,32.0,,,,,1,24,77,157
1726,2024-03-12 22:00:00,16.9,30.0,,,,,0,23,84,127
1727,2024-03-12 23:00:00,16.9,31.0,,,,,0,22,87,129
