DATE,TIME,PM25,TEMP,RH
2024-01-01,00:00:00,15.9,23,76
2024-01-01,01:00:00,18.8,23,78
2024-01-01,02:00:00,15.5,23,78
2024-01-01,03:00:00,13.1,22,82
2024-01-01,04:00:00,12.1,22,80
2024-01-01,05:00:00,13.2,22,82
2024-01-01,06:00:00,14.2,22,83
2024-01-01,07:00:00,16.6,24,74
2024-01-01,08:00:00,19.3,26,65
2024-01-01,09:00:00,22.6,27,58
2024-01-01,10:00:00,24.5,28,57
2024-01-01,11:00:00,22.8,29,53
2024-01-01,12:00:00,19.6,29,52
2024-01-01,13:00:00,18.9,30,48
2024-01-01,14:00:00,20.4,30,47
2024-01-01,15:00:00,24.4,30,47
2024-01-01,16:00:00,25.1,30,48
2024-01-01,17:00:00,25.1,28,51
2024-01-01,18:00:00,26.7,26,57
2024-01-01,19:00:00,21.1,25,65
2024-01-01,20:00:00,16.5,24,68
2024-01-01,21:00:00,14.6,24,68
2024-01-01,22:00:00,16.1,24,69
2024-01-01,23:00:00,17.0,24,73
2024-01-02,00:00:00,15.8,23,76
2024-01-02,01:00:00,9.9,23,77
2024-01-02,02:00:00,7.9,22,81
2024-01-02,03:00:00,8.5,22,84
2024-01-02,04:00:00,8.3,23,80
2024-01-02,05:00:00,10.5,21,89
2024-01-02,06:00:00,19.9,21,88
2024-01-02,07:00:00,19.9,24,74
2024-01-02,08:00:00,18.7,26,64
2024-01-02,09:00:00,19.8,28,57
2024-01-02,10:00:00,21.1,28,54
2024-01-02,11:00:00,16.9,30,49
2024-01-02,12:00:00,17.4,30,46
2024-01-02,13:00:00,18.7,31,44
2024-01-02,14:00:00,16.9,31,43
2024-01-02,15:00:00,22.0,31,44
2024-01-02,16:00:00,25.9,30,48
2024-01-02,17:00:00,24.5,29,51
2024-01-02,18:00:00,24.8,26,59
2024-01-02,19:00:00,18.3,25,64
2024-01-02,20:00:00,14.5,24,65
2024-01-02,21:00:00,11.7,24,68
2024-01-02,22:00:00,12.9,24,67
2024-01-02,23:00:00,11.3,24,67
2024-01-03,00:00:00,11.4,23,69
2024-01-03,01:00:00,12.3,23,70
2024-01-03,02:00:00,9.4,23,75
2024-01-03,03:00:00,8.3,21,84
2024-01-03,04:00:00,9.8,21,90
2024-01-03,05:00:00,11.9,21,90
2024-01-03,06:00:00,13.4,22,81
2024-01-03,07:00:00,16.6,24,73
2024-01-03,08:00:00,17.3,27,62
2024-01-03,09:00:00,19.6,28,56
2024-01-03,10:00:00,21.2,29,53
2024-01-03,11:00:00,19.0,29,52
2024-01-03,12:00:00,15.6,30,48
2024-01-03,13:00:00,19.5,31,45
2024-01-03,14:00:00,17.9,31,45
2024-01-03,15:00:00,21.1,31,46
2024-01-03,16:00:00,20.9,30,50
2024-01-03,17:00:00,25.2,28,55
2024-01-03,18:00:00,27.0,26,62
2024-01-03,19:00:00,24.7,25,67
2024-01-03,20:00:00,24.6,24,71
2024-01-03,21:00:00,26.6,24,72
2024-01-03,22:00:00,25.2,24,70
2024-01-03,23:00:00,23.7,23,73
2024-01-04,00:00:00,21.4,23,76
2024-01-04,01:00:00,20.5,23,78
2024-01-04,02:00:00,19.0,22,80
2024-01-04,03:00:00,14.0,22,80
2024-01-04,04:00:00,13.5,23,78
2024-01-04,05:00:00,12.6,22,80
2024-01-04,06:00:00,18.5,22,81
2024-01-04,07:00:00,22.3,24,76
2024-01-04,08:00:00,20.1,26,66
2024-01-04,09:00:00,21.2,28,59
2024-01-04,10:00:00,18.2,28,55
2024-01-04,11:00:00,19.2,29,53
2024-01-04,12:00:00,21.1,29,52
2024-01-04,13:00:00,22.5,30,48
2024-01-04,14:00:00,20.8,31,45
2024-01-04,15:00:00,23.1,31,44
2024-01-04,16:00:00,21.3,29,50
2024-01-04,17:00:00,30.6,28,55
2024-01-04,18:00:00,29.4,26,61
2024-01-04,19:00:00,26.3,25,65
2024-01-04,20:00:00,26.5,25,67
2024-01-04,21:00:00,25.8,25,68
2024-01-04,22:00:00,28.1,24,70
2024-01-04,23:00:00,26.2,24,71
2024-01-05,00:00:00,23.2,23,68
2024-01-05,01:00:00,25.8,23,68
2024-01-05,02:00:00,22.2,23,72
2024-01-05,03:00:00,20.8,22,75
2024-01-05,04:00:00,19.5,22,75
2024-01-05,05:00:00,21.9,22,76
2024-01-05,06:00:00,23.0,21,79
2024-01-05,07:00:00,24.7,22,75
2024-01-05,08:00:00,21.8,25,67
2024-01-05,09:00:00,22.9,25,63
2024-01-05,10:00:00,24.4,27,60
2024-01-05,11:00:00,20.6,27,56
2024-01-05,12:00:00,20.5,28,54
2024-01-05,13:00:00,23.8,28,50
2024-01-05,14:00:00,20.6,29,49
2024-01-05,15:00:00,22.7,29,47
2024-01-05,16:00:00,20.7,28,52
2024-01-05,17:00:00,23.7,26,58
2024-01-05,18:00:00,32.7,25,64
2024-01-05,19:00:00,29.7,25,66
2024-01-05,20:00:00,26.4,24,67
2024-01-05,21:00:00,24.3,24,66
2024-01-05,22:00:00,28.2,23,68
2024-01-05,23:00:00,31.1,23,72
2024-01-06,00:00:00,31.9,23,74
2024-01-06,01:00:00,32.9,23,75
2024-01-06,02:00:00,31.5,23,75
2024-01-06,03:00:00,28.0,23,77
2024-01-06,04:00:00,28.7,22,78
2024-01-06,05:00:00,32.1,22,78
2024-01-06,06:00:00,35.2,22,78
2024-01-06,07:00:00,37.1,24,72
2024-01-06,08:00:00,39.4,26,61
2024-01-06,09:00:00,42.2,28,55
2024-01-06,10:00:00,36.2,28,56
2024-01-06,11:00:00,33.6,28,53
2024-01-06,12:00:00,33.4,29,49
2024-01-06,13:00:00,33.0,30,47
2024-01-06,14:00:00,31.8,30,45
2024-01-06,15:00:00,31.6,29,49
2024-01-06,16:00:00,30.3,29,48
2024-01-06,17:00:00,29.6,27,54
2024-01-06,18:00:00,26.1,26,61
2024-01-06,19:00:00,21.6,25,64
2024-01-06,20:00:00,18.2,25,67
2024-01-06,21:00:00,17.4,24,71
2024-01-06,22:00:00,19.4,24,73
2024-01-06,23:00:00,21.6,24,74
2024-01-07,00:00:00,22.6,24,73
2024-01-07,01:00:00,25.6,24,75
2024-01-07,02:00:00,25.2,24,75
2024-01-07,03:00:00,19.3,23,79
2024-01-07,04:00:00,17.8,22,87
2024-01-07,05:00:00,17.6,23,79
2024-01-07,06:00:00,15.3,23,80
2024-01-07,07:00:00,16.0,23,82
2024-01-07,08:00:00,19.4,24,75
2024-01-07,09:00:00,20.6,25,74
2024-01-07,10:00:00,18.3,25,78
2024-01-07,11:00:00,19.9,25,78
2024-01-07,12:00:00,17.3,27,65
2024-01-07,13:00:00,11.4,26,73
2024-01-07,14:00:00,15.0,27,70
2024-01-07,15:00:00,17.2,27,65
2024-01-07,16:00:00,18.5,26,64
2024-01-07,17:00:00,19.2,25,66
2024-01-07,18:00:00,18.0,25,67
2024-01-07,19:00:00,16.0,24,68
2024-01-07,20:00:00,16.5,24,69
2024-01-07,21:00:00,15.3,24,71
2024-01-07,22:00:00,16.7,24,74
2024-01-07,23:00:00,17.9,23,75
2024-01-08,00:00:00,18.0,23,76
2024-01-08,01:00:00,18.2,23,77
2024-01-08,02:00:00,13.7,23,77
2024-01-08,03:00:00,12.0,23,78
2024-01-08,04:00:00,11.1,23,78
2024-01-08,05:00:00,12.3,23,79
2024-01-08,06:00:00,15.2,23,79
2024-01-08,07:00:00,15.7,23,78
2024-01-08,08:00:00,18.9,24,71
2024-01-08,09:00:00,20.6,26,63
2024-01-08,10:00:00,17.5,28,58
2024-01-08,11:00:00,16.9,28,55
2024-01-08,12:00:00,14.3,29,53
2024-01-08,13:00:00,16.6,27,58
2024-01-08,14:00:00,15.6,28,55
2024-01-08,15:00:00,16.9,28,57
2024-01-08,16:00:00,19.8,26,63
2024-01-08,17:00:00,17.8,26,61
2024-01-08,18:00:00,15.2,25,65
2024-01-08,19:00:00,14.2,24,68
2024-01-08,20:00:00,14.7,24,70
2024-01-08,21:00:00,13.8,23,74
2024-01-08,22:00:00,14.7,23,76
2024-01-08,23:00:00,16.7,23,77
2024-01-09,00:00:00,17.1,22,79
2024-01-09,01:00:00,17.2,22,80
2024-01-09,02:00:00,13.4,22,81
2024-01-09,03:00:00,11.1,22,79
2024-01-09,04:00:00,12.2,22,80
2024-01-09,05:00:00,13.3,21,85
2024-01-09,06:00:00,18.7,21,86
2024-01-09,07:00:00,19.4,23,75
2024-01-09,08:00:00,15.5,26,64
2024-01-09,09:00:00,18.8,26,61
2024-01-09,10:00:00,20.7,26,63
2024-01-09,11:00:00,19.6,28,57
2024-01-09,12:00:00,19.0,28,53
2024-01-09,13:00:00,19.3,28,53
2024-01-09,14:00:00,21.9,28,56
2024-01-09,15:00:00,22.4,27,58
2024-01-09,16:00:00,21.9,27,59
2024-01-09,17:00:00,20.5,26,62
2024-01-09,18:00:00,18.8,25,66
2024-01-09,19:00:00,16.4,24,69
2024-01-09,20:00:00,13.3,24,70
2024-01-09,21:00:00,12.2,23,73
2024-01-09,22:00:00,16.3,22,81
2024-01-09,23:00:00,17.4,22,84
2024-01-10,00:00:00,14.3,22,83
2024-01-10,01:00:00,9.0,22,81
2024-01-10,02:00:00,7.8,22,82
2024-01-10,03:00:00,7.2,21,88
2024-01-10,04:00:00,8.5,21,91
2024-01-10,05:00:00,10.3,20,95
2024-01-10,06:00:00,17.1,20,94
2024-01-10,07:00:00,17.9,23,83
2024-01-10,08:00:00,20.7,26,65
2024-01-10,09:00:00,24.1,27,58
2024-01-10,10:00:00,20.7,28,55
2024-01-10,11:00:00,17.0,28,54
2024-01-10,12:00:00,13.2,28,53
2024-01-10,13:00:00,12.0,30,49
2024-01-10,14:00:00,14.4,30,47
2024-01-10,15:00:00,15.9,29,48
2024-01-10,16:00:00,16.6,29,51
2024-01-10,17:00:00,18.5,28,56
2024-01-10,18:00:00,16.4,26,63
2024-01-10,19:00:00,15.8,24,68
2024-01-10,20:00:00,15.6,24,72
2024-01-10,21:00:00,16.0,23,73
2024-01-10,22:00:00,18.5,23,72
2024-01-10,23:00:00,18.3,23,75
2024-01-11,00:00:00,19.1,23,77
2024-01-11,01:00:00,18.1,22,78
2024-01-11,02:00:00,13.2,22,80
2024-01-11,03:00:00,12.5,22,82
2024-01-11,04:00:00,13.2,22,82
2024-01-11,05:00:00,14.5,21,84
2024-01-11,06:00:00,10.0,21,84
2024-01-11,07:00:00,12.1,23,74
2024-01-11,08:00:00,14.5,26,62
2024-01-11,09:00:00,12.3,27,56
2024-01-11,10:00:00,17.6,29,50
2024-01-11,11:00:00,19.1,30,46
2024-01-11,12:00:00,19.3,30,45
2024-01-11,13:00:00,19.2,30,43
2024-01-11,14:00:00,20.2,30,42
2024-01-11,15:00:00,24.8,30,42
2024-01-11,16:00:00,25.3,29,46
2024-01-11,17:00:00,26.3,28,50
2024-01-11,18:00:00,25.8,25,60
2024-01-11,19:00:00,25.9,24,64
2024-01-11,20:00:00,24.4,24,68
2024-01-11,21:00:00,22.9,23,72
2024-01-11,22:00:00,21.2,23,74
2024-01-11,23:00:00,21.5,23,74
2024-01-12,00:00:00,19.4,22,79
2024-01-12,01:00:00,17.4,21,79
2024-01-12,02:00:00,13.8,21,83
2024-01-12,03:00:00,11.8,21,81
2024-01-12,04:00:00,12.8,20,89
2024-01-12,05:00:00,16.9,20,90
2024-01-12,06:00:00,19.4,20,91
2024-01-12,07:00:00,18.5,21,84
2024-01-12,08:00:00,19.3,25,65
2024-01-12,09:00:00,20.1,26,57
2024-01-12,10:00:00,18.5,28,53
2024-01-12,11:00:00,17.8,29,49
2024-01-12,12:00:00,18.8,29,46
2024-01-12,13:00:00,23.4,29,47
2024-01-12,14:00:00,28.6,28,48
2024-01-12,15:00:00,30.7,28,48
2024-01-12,16:00:00,32.2,27,49
2024-01-12,17:00:00,31.9,26,55
2024-01-12,18:00:00,31.3,25,60
2024-01-12,19:00:00,32.8,24,67
2024-01-12,20:00:00,31.5,23,74
2024-01-12,21:00:00,27.7,22,78
2024-01-12,22:00:00,29.8,22,81
2024-01-12,23:00:00,31.8,22,75
2024-01-13,00:00:00,26.3,22,71
2024-01-13,01:00:00,19.5,22,74
2024-01-13,02:00:00,20.5,22,76
2024-01-13,03:00:00,25.8,20,84
2024-01-13,04:00:00,26.3,20,87
2024-01-13,05:00:00,29.2,20,91
2024-01-13,06:00:00,30.4,20,87
2024-01-13,07:00:00,28.5,23,74
2024-01-13,08:00:00,27.7,25,60
2024-01-13,09:00:00,27.7,27,54
2024-01-13,10:00:00,28.2,28,50
2024-01-13,11:00:00,29.5,27,49
2024-01-13,12:00:00,29.2,28,46
2024-01-13,13:00:00,29.8,29,42
2024-01-13,14:00:00,30.0,29,41
2024-01-13,15:00:00,29.5,30,39
2024-01-13,16:00:00,27.6,29,43
2024-01-13,17:00:00,27.6,27,52
2024-01-13,18:00:00,26.5,26,59
2024-01-13,19:00:00,27.2,25,63
2024-01-13,20:00:00,25.9,24,67
2024-01-13,21:00:00,26.9,23,71
2024-01-13,22:00:00,24.3,23,72
2024-01-13,23:00:00,22.0,22,74
2024-01-14,00:00:00,23.2,22,76
2024-01-14,01:00:00,24.6,21,79
2024-01-14,02:00:00,21.7,21,78
2024-01-14,03:00:00,18.9,22,76
2024-01-14,04:00:00,16.8,22,76
2024-01-14,05:00:00,20.3,22,77
2024-01-14,06:00:00,21.9,21,81
2024-01-14,07:00:00,24.2,21,81
2024-01-14,08:00:00,26.0,24,69
2024-01-14,09:00:00,25.6,25,62
2024-01-14,10:00:00,27.3,26,57
2024-01-14,11:00:00,27.3,28,49
2024-01-14,12:00:00,27.4,28,47
2024-01-14,13:00:00,33.7,29,43
2024-01-14,14:00:00,34.5,29,41
2024-01-14,15:00:00,35.0,29,42
2024-01-14,16:00:00,35.5,28,43
2024-01-14,17:00:00,29.5,27,46
2024-01-14,18:00:00,29.0,25,52
2024-01-14,19:00:00,29.3,24,54
2024-01-14,20:00:00,25.6,24,55
2024-01-14,21:00:00,20.9,23,62
2024-01-14,22:00:00,19.8,23,67
2024-01-14,23:00:00,20.7,23,70
2024-01-15,00:00:00,17.5,23,71
2024-01-15,01:00:00,13.3,22,72
2024-01-15,02:00:00,9.3,22,72
2024-01-15,03:00:00,8.6,22,73
2024-01-15,04:00:00,10.8,22,74
2024-01-15,05:00:00,16.1,22,75
2024-01-15,06:00:00,20.0,22,74
2024-01-15,07:00:00,20.4,24,68
2024-01-15,08:00:00,23.9,25,61
2024-01-15,09:00:00,22.2,27,57
2024-01-15,10:00:00,23.5,28,53
2024-01-15,11:00:00,23.6,27,54
2024-01-15,12:00:00,21.2,29,51
2024-01-15,13:00:00,20.6,29,48
2024-01-15,14:00:00,22.8,29,49
2024-01-15,15:00:00,20.9,29,51
2024-01-15,16:00:00,19.6,34,52
2024-01-15,17:00:00,16.7,33,53
2024-01-15,18:00:00,13.6,31,58
2024-01-15,19:00:00,11.9,31,63
2024-01-15,20:00:00,10.3,30,66
2024-01-15,21:00:00,14.9,30,69
2024-01-15,22:00:00,18.7,29,72
2024-01-15,23:00:00,20.7,29,74
2024-01-16,00:00:00,21.2,29,75
2024-01-16,01:00:00,22.0,29,75
2024-01-16,02:00:00,20.9,29,73
2024-01-16,03:00:00,22.7,29,74
2024-01-16,04:00:00,26.8,29,76
2024-01-16,05:00:00,31.5,29,78
2024-01-16,06:00:00,33.0,29,78
2024-01-16,07:00:00,31.1,29,78
2024-01-16,08:00:00,30.7,30,71
2024-01-16,09:00:00,23.0,32,65
2024-01-16,10:00:00,17.9,33,60
2024-01-16,11:00:00,14.7,34,55
2024-01-16,12:00:00,13.0,36,51
2024-01-16,13:00:00,16.1,36,49
2024-01-16,14:00:00,16.4,36,49
2024-01-16,15:00:00,17.3,36,50
2024-01-16,16:00:00,19.4,34,54
2024-01-16,17:00:00,18.5,32,61
2024-01-16,18:00:00,15.6,31,63
2024-01-16,19:00:00,15.6,31,66
2024-01-16,20:00:00,19.5,30,67
2024-01-16,21:00:00,25.5,30,70
2024-01-16,22:00:00,31.5,30,71
2024-01-16,23:00:00,31.9,30,71
2024-01-17,00:00:00,33.6,29,72
2024-01-17,01:00:00,30.3,29,71
2024-01-17,02:00:00,27.4,29,71
2024-01-17,03:00:00,25.1,29,71
2024-01-17,04:00:00,20.8,29,69
2024-01-17,05:00:00,19.8,29,70
2024-01-17,06:00:00,17.1,29,72
2024-01-17,07:00:00,14.7,30,68
2024-01-17,08:00:00,15.2,31,63
2024-01-17,09:00:00,13.1,32,61
2024-01-17,10:00:00,13.4,33,58
2024-01-17,11:00:00,13.0,34,54
2024-01-17,12:00:00,13.7,35,50
2024-01-17,13:00:00,15.2,34,50
2024-01-17,14:00:00,18.0,35,46
2024-01-17,15:00:00,17.4,36,43
2024-01-17,16:00:00,16.4,35,44
2024-01-17,17:00:00,16.7,33,48
2024-01-17,18:00:00,20.2,32,56
2024-01-17,19:00:00,20.2,30,56
2024-01-17,20:00:00,17.5,30,61
2024-01-17,21:00:00,18.3,29,67
2024-01-17,22:00:00,16.5,29,70
2024-01-17,23:00:00,16.0,29,71
2024-01-18,00:00:00,16.2,29,71
2024-01-18,01:00:00,15.4,28,72
2024-01-18,02:00:00,13.1,28,71
2024-01-18,03:00:00,12.8,28,72
2024-01-18,04:00:00,14.2,28,73
2024-01-18,05:00:00,17.7,28,75
2024-01-18,06:00:00,18.6,28,76
2024-01-18,07:00:00,18.0,29,72
2024-01-18,08:00:00,18.3,31,66
2024-01-18,09:00:00,19.5,32,60
2024-01-18,10:00:00,17.3,35,53
2024-01-18,11:00:00,17.7,35,50
2024-01-18,12:00:00,15.0,36,47
2024-01-18,13:00:00,18.5,37,43
2024-01-18,14:00:00,19.7,36,45
2024-01-18,15:00:00,21.4,35,49
2024-01-18,16:00:00,22.5,35,50
2024-01-18,17:00:00,18.4,33,54
2024-01-18,18:00:00,19.4,31,59
2024-01-18,19:00:00,20.9,30,63
2024-01-18,20:00:00,22.5,30,67
2024-01-18,21:00:00,24.5,29,71
2024-01-18,22:00:00,24.9,29,71
2024-01-18,23:00:00,24.4,29,72
2024-01-19,00:00:00,23.3,29,73
2024-01-19,01:00:00,19.3,28,74
2024-01-19,02:00:00,15.9,28,76
2024-01-19,03:00:00,17.3,28,75
2024-01-19,04:00:00,19.8,28,75
2024-01-19,05:00:00,22.2,28,74
2024-01-19,06:00:00,24.2,28,75
2024-01-19,07:00:00,25.5,29,71
2024-01-19,08:00:00,27.7,32,62
2024-01-19,09:00:00,26.7,33,56
2024-01-19,10:00:00,26.4,35,52
2024-01-19,11:00:00,26.3,36,48
2024-01-19,12:00:00,28.5,36,44
2024-01-19,13:00:00,32.9,37,42
2024-01-19,14:00:00,33.0,37,40
2024-01-19,15:00:00,33.1,37,41
2024-01-19,16:00:00,34.5,36,44
2024-01-19,17:00:00,30.7,35,48
2024-01-19,18:00:00,30.8,32,56
2024-01-19,19:00:00,31.8,31,63
2024-01-19,20:00:00,31.8,30,68
2024-01-19,21:00:00,33.1,29,69
2024-01-19,22:00:00,31.2,29,69
2024-01-19,23:00:00,26.5,29,73
2024-01-20,00:00:00,24.8,29,76
2024-01-20,01:00:00,20.1,28,78
2024-01-20,02:00:00,19.6,28,79
2024-01-20,03:00:00,20.8,28,80
2024-01-20,04:00:00,24.1,27,83
2024-01-20,05:00:00,27.2,26,89
2024-01-20,06:00:00,30.3,26,92
2024-01-20,07:00:00,30.5,27,85
2024-01-20,08:00:00,29.9,31,69
2024-01-20,09:00:00,28.3,32,59
2024-01-20,10:00:00,27.9,34,51
2024-01-20,11:00:00,26.1,34,50
2024-01-20,12:00:00,27.6,34,48
2024-01-20,13:00:00,27.9,35,46
2024-01-20,14:00:00,29.4,35,46
2024-01-20,15:00:00,28.7,35,53
2024-01-20,16:00:00,28.7,34,58
2024-01-20,17:00:00,27.6,33,56
2024-01-20,18:00:00,27.2,31,59
2024-01-20,19:00:00,35.8,30,66
2024-01-20,20:00:00,45.0,29,68
2024-01-20,21:00:00,45.9,28,74
2024-01-20,22:00:00,46.6,28,71
2024-01-20,23:00:00,41.8,28,71
2024-01-21,00:00:00,34.3,28,75
2024-01-21,01:00:00,29.6,27,82
2024-01-21,02:00:00,28.5,26,87
2024-01-21,03:00:00,28.4,26,88
2024-01-21,04:00:00,26.9,26,88
2024-01-21,05:00:00,29.3,26,89
2024-01-21,06:00:00,29.8,26,89
2024-01-21,07:00:00,28.3,27,86
2024-01-21,08:00:00,27.7,29,76
2024-01-21,09:00:00,27.0,33,61
2024-01-21,10:00:00,26.6,34,56
2024-01-21,11:00:00,27.0,35,52
2024-01-21,12:00:00,29.4,36,46
2024-01-21,13:00:00,36.1,35,48
2024-01-21,14:00:00,37.1,36,49
2024-01-21,15:00:00,35.1,33,58
2024-01-21,16:00:00,32.3,34,54
2024-01-21,17:00:00,26.8,32,62
2024-01-21,18:00:00,27.7,31,64
2024-01-21,19:00:00,35.0,30,68
2024-01-21,20:00:00,42.8,30,70
2024-01-21,21:00:00,44.2,29,75
2024-01-21,22:00:00,40.7,28,80
2024-01-21,23:00:00,36.7,28,77
2024-01-22,00:00:00,33.9,26,85
2024-01-22,01:00:00,32.5,26,86
2024-01-22,02:00:00,28.8,26,88
2024-01-22,03:00:00,27.9,26,90
2024-01-22,04:00:00,30.4,25,93
2024-01-22,05:00:00,30.5,25,92
2024-01-22,06:00:00,31.6,25,93
2024-01-22,07:00:00,31.8,26,90
2024-01-22,08:00:00,33.0,28,82
2024-01-22,09:00:00,32.7,31,70
2024-01-22,10:00:00,32.1,32,62
2024-01-22,11:00:00,32.3,33,61
2024-01-22,12:00:00,28.0,31,65
2024-01-22,13:00:00,24.0,30,69
2024-01-22,14:00:00,16.8,31,68
2024-01-22,15:00:00,14.2,32,63
2024-01-22,16:00:00,12.4,32,65
2024-01-22,17:00:00,9.4,31,66
2024-01-22,18:00:00,11.3,31,68
2024-01-22,19:00:00,11.2,30,71
2024-01-22,20:00:00,10.9,29,74
2024-01-22,21:00:00,11.9,29,79
2024-01-22,22:00:00,11.6,28,83
2024-01-22,23:00:00,15.2,28,84
2024-01-23,00:00:00,12.9,27,84
2024-01-23,01:00:00,5.8,27,86
2024-01-23,02:00:00,2.4,27,86
2024-01-23,03:00:00,2.6,26,87
2024-01-23,04:00:00,5.5,26,87
2024-01-23,05:00:00,7.3,26,88
2024-01-23,06:00:00,9.0,25,90
2024-01-23,07:00:00,8.8,27,78
2024-01-23,08:00:00,8.5,29,64
2024-01-23,09:00:00,8.5,30,59
2024-01-23,10:00:00,9.8,31,54
2024-01-23,11:00:00,11.8,32,53
2024-01-23,12:00:00,12.2,33,50
2024-01-23,13:00:00,13.2,33,49
2024-01-23,14:00:00,15.7,33,51
2024-01-23,15:00:00,15.8,31,56
2024-01-23,16:00:00,15.1,30,61
2024-01-23,17:00:00,12.9,29,68
2024-01-23,18:00:00,16.2,29,72
2024-01-23,19:00:00,16.3,28,75
2024-01-23,20:00:00,16.7,28,75
2024-01-23,21:00:00,18.3,28,77
2024-01-23,22:00:00,16.7,27,78
2024-01-23,23:00:00,16.6,27,76
2024-01-24,00:00:00,17.0,27,77
2024-01-24,01:00:00,18.5,27,77
2024-01-24,02:00:00,15.3,27,78
2024-01-24,03:00:00,12.2,27,78
2024-01-24,04:00:00,15.8,27,77
2024-01-24,05:00:00,18.5,27,76
2024-01-24,06:00:00,18.9,27,77
2024-01-24,07:00:00,20.1,28,76
2024-01-24,08:00:00,20.6,28,75
2024-01-24,09:00:00,18.6,29,70
2024-01-24,10:00:00,17.1,30,67
2024-01-24,11:00:00,18.2,31,61
2024-01-24,12:00:00,18.1,32,54
2024-01-24,13:00:00,19.4,31,61
2024-01-24,14:00:00,19.6,31,64
2024-01-24,15:00:00,16.8,33,54
2024-01-24,16:00:00,16.5,32,58
2024-01-24,17:00:00,16.2,30,65
2024-01-24,18:00:00,13.6,29,68
2024-01-24,19:00:00,11.5,28,71
2024-01-24,20:00:00,11.8,28,73
2024-01-24,21:00:00,15.3,28,74
2024-01-24,22:00:00,15.7,28,74
2024-01-24,23:00:00,17.1,28,74
2024-01-25,00:00:00,15.2,28,73
2024-01-25,01:00:00,13.9,28,73
2024-01-25,02:00:00,14.7,28,74
2024-01-25,03:00:00,11.6,28,74
2024-01-25,04:00:00,12.9,28,74
2024-01-25,05:00:00,15.0,28,74
2024-01-25,06:00:00,15.1,27,76
2024-01-25,07:00:00,15.4,28,73
2024-01-25,08:00:00,12.7,28,72
2024-01-25,09:00:00,13.4,29,69
2024-01-25,10:00:00,11.0,31,62
2024-01-25,11:00:00,10.0,32,58
2024-01-25,12:00:00,15.0,32,59
2024-01-25,13:00:00,15.2,33,57
2024-01-25,14:00:00,12.9,33,59
2024-01-25,15:00:00,14.6,33,60
2024-01-25,16:00:00,15.5,31,63
2024-01-25,17:00:00,16.2,29,69
2024-01-25,18:00:00,15.0,29,71
2024-01-25,19:00:00,13.5,29,71
2024-01-25,20:00:00,15.0,28,72
2024-01-25,21:00:00,17.6,28,73
2024-01-25,22:00:00,18.3,28,73
2024-01-25,23:00:00,18.1,28,72
2024-01-26,00:00:00,17.1,28,71
2024-01-26,01:00:00,12.4,28,72
2024-01-26,02:00:00,11.7,28,71
2024-01-26,03:00:00,11.8,28,71
2024-01-26,04:00:00,13.1,28,71
2024-01-26,05:00:00,15.1,28,72
2024-01-26,06:00:00,17.1,27,72
2024-01-26,07:00:00,16.0,28,70
2024-01-26,08:00:00,12.1,30,63
2024-01-26,09:00:00,11.0,31,58
2024-01-26,10:00:00,13.2,32,56
2024-01-26,11:00:00,13.7,33,54
2024-01-26,12:00:00,16.0,33,57
2024-01-26,13:00:00,17.1,34,54
2024-01-26,14:00:00,17.9,32,58
2024-01-26,15:00:00,18.2,31,62
2024-01-26,16:00:00,14.9,32,59
2024-01-26,17:00:00,15.8,30,63
2024-01-26,18:00:00,18.0,29,69
2024-01-26,19:00:00,17.6,28,71
2024-01-26,20:00:00,19.6,28,73
2024-01-26,21:00:00,23.2,28,72
2024-01-26,22:00:00,24.0,28,74
2024-01-26,23:00:00,23.2,28,74
2024-01-27,00:00:00,18.3,28,73
2024-01-27,01:00:00,11.7,27,73
2024-01-27,02:00:00,9.8,27,74
2024-01-27,03:00:00,11.9,27,75
2024-01-27,04:00:00,15.8,27,74
2024-01-27,05:00:00,20.0,27,75
2024-01-27,06:00:00,20.8,27,76
2024-01-27,07:00:00,19.8,27,74
2024-01-27,08:00:00,18.6,29,65
2024-01-27,09:00:00,17.1,31,58
2024-01-27,10:00:00,20.5,33,53
2024-01-27,11:00:00,23.2,33,50
2024-01-27,12:00:00,24.3,33,50
2024-01-27,13:00:00,23.7,34,47
2024-01-27,14:00:00,21.8,34,49
2024-01-27,15:00:00,20.2,34,47
2024-01-27,16:00:00,15.7,34,50
2024-01-27,17:00:00,17.0,32,53
2024-01-27,18:00:00,19.7,30,60
2024-01-27,19:00:00,17.6,29,66
2024-01-27,20:00:00,17.1,28,70
2024-01-27,21:00:00,17.5,28,71
2024-01-27,22:00:00,17.9,27,72
2024-01-27,23:00:00,16.4,27,72
2024-01-28,00:00:00,15.1,27,70
2024-01-28,01:00:00,13.7,27,71
2024-01-28,02:00:00,13.3,27,71
2024-01-28,03:00:00,13.8,27,73
2024-01-28,04:00:00,15.9,27,75
2024-01-28,05:00:00,17.5,26,76
2024-01-28,06:00:00,16.8,26,77
2024-01-28,07:00:00,17.7,27,71
2024-01-28,08:00:00,16.3,30,62
2024-01-28,09:00:00,17.2,31,56
2024-01-28,10:00:00,16.8,32,53
2024-01-28,11:00:00,19.5,31,55
2024-01-28,12:00:00,20.8,33,51
2024-01-28,13:00:00,17.5,33,48
2024-01-28,14:00:00,18.0,33,49
2024-01-28,15:00:00,16.6,34,50
2024-01-28,16:00:00,14.0,33,51
2024-01-28,17:00:00,16.9,33,53
2024-01-28,18:00:00,22.1,30,61
2024-01-28,19:00:00,21.0,29,66
2024-01-28,20:00:00,20.7,28,70
2024-01-28,21:00:00,20.6,28,72
2024-01-28,22:00:00,21.2,27,73
2024-01-28,23:00:00,21.0,27,73
2024-01-29,00:00:00,15.7,27,72
2024-01-29,01:00:00,12.1,27,73
2024-01-29,02:00:00,11.0,27,74
2024-01-29,03:00:00,15.1,26,76
2024-01-29,04:00:00,19.0,26,77
2024-01-29,05:00:00,20.8,26,77
2024-01-29,06:00:00,20.9,26,80
2024-01-29,07:00:00,20.8,27,76
2024-01-29,08:00:00,18.7,29,66
2024-01-29,09:00:00,19.5,31,58
2024-01-29,10:00:00,19.2,32,54
2024-01-29,11:00:00,20.5,34,48
2024-01-29,12:00:00,23.5,35,45
2024-01-29,13:00:00,24.8,35,45
2024-01-29,14:00:00,23.7,36,39
2024-01-29,15:00:00,20.3,36,35
2024-01-29,16:00:00,20.1,35,37
2024-01-29,17:00:00,24.4,33,43
2024-01-29,18:00:00,27.0,31,53
2024-01-29,19:00:00,25.0,29,60
2024-01-29,20:00:00,23.6,28,65
2024-01-29,21:00:00,24.7,28,68
2024-01-29,22:00:00,25.1,28,70
2024-01-29,23:00:00,24.2,27,71
2024-01-30,00:00:00,23.2,27,72
2024-01-30,01:00:00,21.7,27,73
2024-01-30,02:00:00,14.9,27,73
2024-01-30,03:00:00,14.3,27,72
2024-01-30,04:00:00,16.8,27,71
2024-01-30,05:00:00,16.0,27,75
2024-01-30,06:00:00,16.7,27,75
2024-01-30,07:00:00,14.7,28,71
2024-01-30,08:00:00,15.2,30,61
2024-01-30,09:00:00,16.5,32,54
2024-01-30,10:00:00,18.8,33,50
2024-01-30,11:00:00,20.0,34,46
2024-01-30,12:00:00,21.7,35,43
2024-01-30,13:00:00,21.7,36,39
2024-01-30,14:00:00,19.3,37,36
2024-01-30,15:00:00,17.3,37,35
2024-01-30,16:00:00,18.0,36,37
2024-01-30,17:00:00,18.8,34,40
2024-01-30,18:00:00,21.7,31,49
2024-01-30,19:00:00,22.9,30,56
2024-01-30,20:00:00,23.0,29,60
2024-01-30,21:00:00,23.5,29,62
2024-01-30,22:00:00,24.7,28,64
2024-01-30,23:00:00,23.9,28,66
2024-01-31,00:00:00,21.9,28,67
2024-01-31,01:00:00,22.1,27,69
2024-01-31,02:00:00,19.8,27,71
2024-01-31,03:00:00,19.1,27,73
2024-01-31,04:00:00,20.4,27,72
2024-01-31,05:00:00,21.8,27,75
2024-01-31,06:00:00,23.0,27,75
2024-01-31,07:00:00,21.7,28,72
2024-01-31,08:00:00,17.5,31,61
2024-01-31,09:00:00,19.6,32,56
2024-01-31,10:00:00,23.1,33,52
2024-01-31,11:00:00,23.4,34,47
2024-01-31,12:00:00,24.0,35,42
2024-01-31,13:00:00,22.7,36,41
2024-01-31,14:00:00,23.9,35,42
2024-01-31,15:00:00,19.1,36,41
2024-01-31,16:00:00,16.7,35,43
2024-01-31,17:00:00,18.0,33,49
2024-01-31,18:00:00,20.6,31,56
2024-01-31,19:00:00,19.7,30,60
2024-01-31,20:00:00,19.2,29,66
2024-01-31,21:00:00,22.2,28,72
2024-01-31,22:00:00,23.2,27,76
2024-01-31,23:00:00,21.6,27,75
2024-02-01,00:00:00,22.4,26,82
2024-02-01,01:00:00,21.0,25,86
2024-02-01,02:00:00,22.1,25,88
2024-02-01,03:00:00,20.1,24,89
2024-02-01,04:00:00,20.1,24,90
2024-02-01,05:00:00,20.0,25,85
2024-02-01,06:00:00,19.9,26,80
2024-02-01,07:00:00,21.1,28,73
2024-02-01,08:00:00,17.6,31,61
2024-02-01,09:00:00,23.0,32,56
2024-02-01,10:00:00,26.1,34,50
2024-02-01,11:00:00,28.4,35,46
2024-02-01,12:00:00,29.3,35,43
2024-02-01,13:00:00,32.4,36,40
2024-02-01,14:00:00,35.0,37,40
2024-02-01,15:00:00,36.6,36,41
2024-02-01,16:00:00,27.1,36,42
2024-02-01,17:00:00,20.9,34,47
2024-02-01,18:00:00,25.6,31,55
2024-02-01,19:00:00,29.6,30,60
2024-02-01,20:00:00,30.2,29,65
2024-02-01,21:00:00,30.2,28,69
2024-02-01,22:00:00,30.3,27,74
2024-02-01,23:00:00,31.1,26,76
2024-02-02,00:00:00,31.7,26,77
2024-02-02,01:00:00,33.6,26,79
2024-02-02,02:00:00,28.5,25,85
2024-02-02,03:00:00,26.4,24,88
2024-02-02,04:00:00,24.3,24,90
2024-02-02,05:00:00,24.1,24,91
2024-02-02,06:00:00,25.1,24,92
2024-02-02,07:00:00,21.5,26,83
2024-02-02,08:00:00,21.0,30,67
2024-02-02,09:00:00,24.5,32,56
2024-02-02,10:00:00,25.1,34,49
2024-02-02,11:00:00,22.7,34,46
2024-02-02,12:00:00,21.8,36,42
2024-02-02,13:00:00,24.5,36,40
2024-02-02,14:00:00,23.9,36,39
2024-02-02,15:00:00,22.6,37,39
2024-02-02,16:00:00,17.7,35,43
2024-02-02,17:00:00,17.9,35,44
2024-02-02,18:00:00,20.5,32,53
2024-02-02,19:00:00,21.3,30,63
2024-02-02,20:00:00,22.3,29,68
2024-02-02,21:00:00,22.9,28,75
2024-02-02,22:00:00,23.6,27,78
2024-02-02,23:00:00,21.8,26,83
2024-02-03,00:00:00,17.3,25,86
2024-02-03,01:00:00,14.9,25,88
2024-02-03,02:00:00,12.7,25,90
2024-02-03,03:00:00,15.5,24,92
2024-02-03,04:00:00,17.2,24,93
2024-02-03,05:00:00,17.8,24,94
2024-02-03,06:00:00,18.7,24,95
2024-02-03,07:00:00,18.8,26,85
2024-02-03,08:00:00,21.1,29,71
2024-02-03,09:00:00,19.7,33,54
2024-02-03,10:00:00,20.6,34,47
2024-02-03,11:00:00,20.4,35,44
2024-02-03,12:00:00,20.2,35,43
2024-02-03,13:00:00,21.1,36,40
2024-02-03,14:00:00,21.4,37,39
2024-02-03,15:00:00,18.6,37,38
2024-02-03,16:00:00,19.1,36,40
2024-02-03,17:00:00,25.5,34,54
2024-02-03,18:00:00,25.4,31,63
2024-02-03,19:00:00,26.9,30,64
2024-02-03,20:00:00,28.9,29,69
2024-02-03,21:00:00,28.6,29,73
2024-02-03,22:00:00,28.7,28,78
2024-02-03,23:00:00,26.0,27,79
2024-02-04,00:00:00,26.5,27,76
2024-02-04,01:00:00,33.1,27,78
2024-02-04,02:00:00,27.6,26,84
2024-02-04,03:00:00,25.9,25,87
2024-02-04,04:00:00,24.5,25,90
2024-02-04,05:00:00,23.5,24,91
2024-02-04,06:00:00,21.3,24,92
2024-02-04,07:00:00,18.2,26,83
2024-02-04,08:00:00,19.3,30,67
2024-02-04,09:00:00,23.8,32,57
2024-02-04,10:00:00,24.9,34,53
2024-02-04,11:00:00,24.1,35,47
2024-02-04,12:00:00,23.6,36,46
2024-02-04,13:00:00,24.5,35,53
2024-02-04,14:00:00,20.7,36,48
2024-02-04,15:00:00,21.0,36,45
2024-02-04,16:00:00,19.8,35,51
2024-02-04,17:00:00,20.0,33,60
2024-02-04,18:00:00,18.3,31,65
2024-02-04,19:00:00,20.8,30,68
2024-02-04,20:00:00,20.8,30,67
2024-02-04,21:00:00,24.9,29,66
2024-02-04,22:00:00,29.9,28,69
2024-02-04,23:00:00,30.8,27,75
2024-02-05,00:00:00,30.3,26,83
2024-02-05,01:00:00,32.1,26,84
2024-02-05,02:00:00,33.6,26,85
2024-02-05,03:00:00,34.8,25,89
2024-02-05,04:00:00,33.8,24,93
2024-02-05,05:00:00,33.2,24,92
2024-02-05,06:00:00,39.7,24,92
2024-02-05,07:00:00,43.3,26,85
2024-02-05,08:00:00,42.9,29,72
2024-02-05,09:00:00,47.8,31,62
2024-02-05,10:00:00,46.3,34,53
2024-02-05,11:00:00,42.0,35,47
2024-02-05,12:00:00,40.1,36,44
2024-02-05,13:00:00,40.8,37,39
2024-02-05,14:00:00,40.5,37,39
2024-02-05,15:00:00,36.7,37,37
2024-02-05,16:00:00,33.5,37,37
2024-02-05,17:00:00,33.4,35,40
2024-02-05,18:00:00,35.2,33,50
2024-02-05,19:00:00,37.4,31,56
2024-02-05,20:00:00,39.0,30,62
2024-02-05,21:00:00,39.2,28,67
2024-02-05,22:00:00,38.1,28,70
2024-02-05,23:00:00,33.1,27,73
2024-02-06,00:00:00,29.0,26,78
2024-02-06,01:00:00,26.3,26,81
2024-02-06,02:00:00,25.4,25,83
2024-02-06,03:00:00,28.4,25,86
2024-02-06,04:00:00,29.9,25,89
2024-02-06,05:00:00,30.1,24,91
2024-02-06,06:00:00,30.0,24,93
2024-02-06,07:00:00,26.8,26,87
2024-02-06,08:00:00,24.9,29,72
2024-02-06,09:00:00,27.3,32,59
2024-02-06,10:00:00,27.5,33,51
2024-02-06,11:00:00,24.1,35,44
2024-02-06,12:00:00,21.6,36,43
2024-02-06,13:00:00,23.3,37,40
2024-02-06,14:00:00,23.1,38,39
2024-02-06,15:00:00,20.7,38,38
2024-02-06,16:00:00,18.6,37,40
2024-02-06,17:00:00,20.8,35,46
2024-02-06,18:00:00,22.0,33,52
2024-02-06,19:00:00,22.2,32,57
2024-02-06,20:00:00,23.9,31,63
2024-02-06,21:00:00,24.3,29,68
2024-02-06,22:00:00,25.2,29,72
2024-02-06,23:00:00,19.8,28,75
2024-02-07,00:00:00,16.0,27,80
2024-02-07,01:00:00,9.7,27,83
2024-02-07,02:00:00,8.0,26,87
2024-02-07,03:00:00,8.2,26,89
2024-02-07,04:00:00,9.4,25,90
2024-02-07,05:00:00,17.1,25,91
2024-02-07,06:00:00,25.7,25,93
2024-02-07,07:00:00,29.5,27,86
2024-02-07,08:00:00,36.1,31,67
2024-02-07,09:00:00,35.8,34,55
2024-02-07,10:00:00,34.0,35,48
2024-02-07,11:00:00,30.8,36,42
2024-02-07,12:00:00,26.4,37,39
2024-02-07,13:00:00,23.2,38,38
2024-02-07,14:00:00,22.8,39,37
2024-02-07,15:00:00,21.8,38,38
2024-02-07,16:00:00,18.8,36,41
2024-02-07,17:00:00,17.3,36,45
2024-02-07,18:00:00,19.1,33,53
2024-02-07,19:00:00,23.6,32,59
2024-02-07,20:00:00,25.6,31,64
2024-02-07,21:00:00,26.3,30,69
2024-02-07,22:00:00,23.7,29,74
2024-02-07,23:00:00,23.3,28,76
2024-02-08,00:00:00,21.7,28,81
2024-02-08,01:00:00,24.1,27,83
2024-02-08,02:00:00,22.4,27,86
2024-02-08,03:00:00,23.5,26,88
2024-02-08,04:00:00,24.1,26,90
2024-02-08,05:00:00,22.5,26,91
2024-02-08,06:00:00,23.6,26,91
2024-02-08,07:00:00,23.3,28,83
2024-02-08,08:00:00,23.7,31,67
2024-02-08,09:00:00,24.2,34,55
2024-02-08,10:00:00,24.9,35,49
2024-02-08,11:00:00,22.5,38,40
2024-02-08,12:00:00,19.9,38,38
2024-02-08,13:00:00,21.2,39,38
2024-02-08,14:00:00,25.2,38,43
2024-02-08,15:00:00,24.3,36,50
2024-02-08,16:00:00,20.4,37,47
2024-02-08,17:00:00,17.4,37,46
2024-02-08,18:00:00,23.5,34,49
2024-02-08,19:00:00,28.4,32,52
2024-02-08,20:00:00,30.4,31,57
2024-02-08,21:00:00,30.0,30,61
2024-02-08,22:00:00,28.7,29,67
2024-02-08,23:00:00,25.1,28,73
2024-02-09,00:00:00,22.4,27,80
2024-02-09,01:00:00,20.0,27,83
2024-02-09,02:00:00,19.9,26,86
2024-02-09,03:00:00,19.8,26,88
2024-02-09,04:00:00,20.4,26,87
2024-02-09,05:00:00,21.9,26,91
2024-02-09,06:00:00,26.0,26,89
2024-02-09,07:00:00,23.0,28,83
2024-02-09,08:00:00,21.2,31,65
2024-02-09,09:00:00,21.9,34,53
2024-02-09,10:00:00,28.1,35,52
2024-02-09,11:00:00,34.0,36,47
2024-02-09,12:00:00,40.0,37,45
2024-02-09,13:00:00,46.0,38,41
2024-02-09,14:00:00,47.7,38,39
2024-02-09,15:00:00,44.3,39,38
2024-02-09,16:00:00,45.7,37,42
2024-02-09,17:00:00,47.5,35,46
2024-02-09,18:00:00,45.8,33,51
2024-02-09,19:00:00,42.8,32,58
2024-02-09,20:00:00,39.6,30,62
2024-02-09,21:00:00,34.7,30,64
2024-02-09,22:00:00,28.0,30,63
2024-02-09,23:00:00,22.7,29,63
2024-02-10,00:00:00,17.0,29,66
2024-02-10,01:00:00,15.0,29,68
2024-02-10,02:00:00,14.7,29,68
2024-02-10,03:00:00,17.1,29,68
2024-02-10,04:00:00,19.2,28,70
2024-02-10,05:00:00,22.2,28,70
2024-02-10,06:00:00,22.9,28,72
2024-02-10,07:00:00,20.3,29,70
2024-02-10,08:00:00,19.6,31,63
2024-02-10,09:00:00,21.6,33,57
2024-02-10,10:00:00,23.8,34,52
2024-02-10,11:00:00,26.5,35,46
2024-02-10,12:00:00,27.8,36,43
2024-02-10,13:00:00,25.6,37,40
2024-02-10,14:00:00,21.6,38,37
2024-02-10,15:00:00,21.4,38,34
2024-02-10,16:00:00,22.0,37,36
2024-02-10,17:00:00,22.5,36,40
2024-02-10,18:00:00,24.6,34,42
2024-02-10,19:00:00,28.3,32,46
2024-02-10,20:00:00,27.1,31,51
2024-02-10,21:00:00,29.0,31,55
2024-02-10,22:00:00,29.0,30,59
2024-02-10,23:00:00,26.3,30,60
2024-02-11,00:00:00,27.7,29,63
2024-02-11,01:00:00,33.2,28,68
2024-02-11,02:00:00,34.0,28,69
2024-02-11,03:00:00,31.2,29,68
2024-02-11,04:00:00,28.9,28,69
2024-02-11,05:00:00,26.5,28,70
2024-02-11,06:00:00,24.4,28,70
2024-02-11,07:00:00,21.4,29,70
2024-02-11,08:00:00,18.4,30,63
2024-02-11,09:00:00,20.8,32,55
2024-02-11,10:00:00,23.3,34,48
2024-02-11,11:00:00,27.2,34,45
2024-02-11,12:00:00,28.8,35,42
2024-02-11,13:00:00,27.2,36,39
2024-02-11,14:00:00,24.8,36,39
2024-02-11,15:00:00,23.4,36,39
2024-02-11,16:00:00,23.3,36,40
2024-02-11,17:00:00,26.9,36,45
2024-02-11,18:00:00,30.0,33,53
2024-02-11,19:00:00,32.7,31,57
2024-02-11,20:00:00,31.7,31,59
2024-02-11,21:00:00,27.9,30,60
2024-02-11,22:00:00,25.4,30,64
2024-02-11,23:00:00,23.3,29,65
2024-02-12,00:00:00,22.1,29,66
2024-02-12,01:00:00,21.1,29,68
2024-02-12,02:00:00,24.3,28,70
2024-02-12,03:00:00,29.0,28,71
2024-02-12,04:00:00,28.0,28,73
2024-02-12,05:00:00,26.9,28,72
2024-02-12,06:00:00,25.7,27,76
2024-02-12,07:00:00,24.2,29,68
2024-02-12,08:00:00,24.5,31,61
2024-02-12,09:00:00,29.0,33,55
2024-02-12,10:00:00,32.4,33,52
2024-02-12,11:00:00,33.8,34,47
2024-02-12,12:00:00,28.6,36,41
2024-02-12,13:00:00,26.5,37,37
2024-02-12,14:00:00,24.6,38,35
2024-02-12,15:00:00,24.9,38,37
2024-02-12,16:00:00,28.9,37,39
2024-02-12,17:00:00,28.4,36,42
2024-02-12,18:00:00,30.8,33,49
2024-02-12,19:00:00,31.7,32,56
2024-02-12,20:00:00,29.2,31,60
2024-02-12,21:00:00,26.1,30,62
2024-02-12,22:00:00,21.4,30,64
2024-02-12,23:00:00,20.0,30,67
2024-02-13,00:00:00,18.5,29,71
2024-02-13,01:00:00,17.2,29,70
2024-02-13,02:00:00,21.0,29,69
2024-02-13,03:00:00,23.1,29,69
2024-02-13,04:00:00,23.9,29,67
2024-02-13,05:00:00,24.9,29,66
2024-02-13,06:00:00,23.5,29,69
2024-02-13,07:00:00,20.4,30,67
2024-02-13,08:00:00,20.8,32,58
2024-02-13,09:00:00,23.2,34,53
2024-02-13,10:00:00,27.4,35,49
2024-02-13,11:00:00,29.2,36,44
2024-02-13,12:00:00,25.5,37,42
2024-02-13,13:00:00,25.4,37,42
2024-02-13,14:00:00,24.5,37,42
2024-02-13,15:00:00,21.9,37,41
2024-02-13,16:00:00,22.1,36,44
2024-02-13,17:00:00,24.6,35,46
2024-02-13,18:00:00,29.4,33,53
2024-02-13,19:00:00,29.8,32,58
2024-02-13,20:00:00,27.1,31,63
2024-02-13,21:00:00,24.2,31,66
2024-02-13,22:00:00,20.7,30,67
2024-02-13,23:00:00,18.5,30,68
2024-02-14,00:00:00,22.8,30,68
2024-02-14,01:00:00,29.5,30,69
2024-02-14,02:00:00,25.0,30,70
2024-02-14,03:00:00,25.0,30,71
2024-02-14,04:00:00,22.8,29,74
2024-02-14,05:00:00,21.0,29,75
2024-02-14,06:00:00,20.7,29,75
2024-02-14,07:00:00,20.7,30,72
2024-02-14,08:00:00,17.6,33,61
2024-02-14,09:00:00,19.2,35,57
2024-02-14,10:00:00,24.7,36,51
2024-02-14,11:00:00,29.3,37,47
2024-02-14,12:00:00,26.5,37,49
2024-02-14,13:00:00,25.7,38,47
2024-02-14,14:00:00,21.2,38,48
2024-02-14,15:00:00,20.0,36,55
2024-02-14,16:00:00,18.4,36,55
2024-02-14,17:00:00,19.4,34,58
2024-02-14,18:00:00,23.7,33,63
2024-02-14,19:00:00,27.3,32,67
2024-02-14,20:00:00,27.3,31,69
2024-02-14,21:00:00,24.0,31,70
2024-02-14,22:00:00,21.6,31,71
2024-02-14,23:00:00,20.3,30,71
2024-02-15,00:00:00,24.2,30,70
2024-02-15,01:00:00,38.2,30,70
2024-02-15,02:00:00,36.0,30,72
2024-02-15,03:00:00,24.5,30,74
2024-02-15,04:00:00,16.7,30,74
2024-02-15,05:00:00,16.7,29,75
2024-02-15,06:00:00,15.5,30,72
2024-02-15,07:00:00,14.6,31,67
2024-02-15,08:00:00,16.4,34,59
2024-02-15,09:00:00,19.8,35,53
2024-02-15,10:00:00,25.2,37,47
2024-02-15,11:00:00,24.1,38,42
2024-02-15,12:00:00,24.6,38,41
2024-02-15,13:00:00,25.8,39,40
2024-02-15,14:00:00,18.8,40,38
2024-02-15,15:00:00,19.1,39,39
2024-02-15,16:00:00,17.1,38,42
2024-02-15,17:00:00,20.6,36,48
2024-02-15,18:00:00,26.1,34,55
2024-02-15,19:00:00,29.7,33,60
2024-02-15,20:00:00,29.8,32,64
2024-02-15,21:00:00,26.6,31,66
2024-02-15,22:00:00,22.1,31,67
2024-02-15,23:00:00,19.6,30,68
2024-02-16,00:00:00,16.8,30,68
2024-02-16,01:00:00,13.2,30,71
2024-02-16,02:00:00,17.5,30,72
2024-02-16,03:00:00,21.9,30,72
2024-02-16,04:00:00,22.3,30,72
2024-02-16,05:00:00,24.3,30,73
2024-02-16,06:00:00,21.0,29,75
2024-02-16,07:00:00,20.5,30,72
2024-02-16,08:00:00,22.6,32,64
2024-02-16,09:00:00,22.6,35,54
2024-02-16,10:00:00,24.2,35,51
2024-02-16,11:00:00,24.8,37,44
2024-02-16,12:00:00,25.0,38,40
2024-02-16,13:00:00,25.2,39,38
2024-02-16,14:00:00,19.9,39,38
2024-02-16,15:00:00,19.1,39,38
2024-02-16,16:00:00,20.2,39,38
2024-02-16,17:00:00,20.6,37,43
2024-02-16,18:00:00,25.6,34,52
2024-02-16,19:00:00,28.9,33,58
2024-02-16,20:00:00,26.2,32,61
2024-02-16,21:00:00,22.5,31,65
2024-02-16,22:00:00,16.8,31,69
2024-02-16,23:00:00,15.2,30,71
2024-02-17,00:00:00,15.9,30,73
2024-02-17,01:00:00,17.9,29,76
2024-02-17,02:00:00,17.9,28,80
2024-02-17,03:00:00,17.7,28,79
2024-02-17,04:00:00,18.8,28,81
2024-02-17,05:00:00,20.1,28,81
2024-02-17,06:00:00,19.0,28,80
2024-02-17,07:00:00,18.4,30,71
2024-02-17,08:00:00,19.3,33,60
2024-02-17,09:00:00,21.7,35,53
2024-02-17,10:00:00,24.9,36,47
2024-02-17,11:00:00,29.6,38,41
2024-02-17,12:00:00,29.6,38,38
2024-02-17,13:00:00,29.3,39,36
2024-02-17,14:00:00,24.3,39,35
2024-02-17,15:00:00,24.0,39,36
2024-02-17,16:00:00,23.7,38,39
2024-02-17,17:00:00,25.2,36,43
2024-02-17,18:00:00,28.1,34,47
2024-02-17,19:00:00,26.2,33,54
2024-02-17,20:00:00,24.3,32,61
2024-02-17,21:00:00,25.2,31,63
2024-02-17,22:00:00,18.5,31,67
2024-02-17,23:00:00,16.5,30,68
2024-02-18,00:00:00,18.3,30,67
2024-02-18,01:00:00,23.3,30,69
2024-02-18,02:00:00,26.4,30,70
2024-02-18,03:00:00,22.9,30,69
2024-02-18,04:00:00,21.8,30,69
2024-02-18,05:00:00,22.2,29,71
2024-02-18,06:00:00,18.8,29,71
2024-02-18,07:00:00,18.4,31,64
2024-02-18,08:00:00,21.9,33,56
2024-02-18,09:00:00,21.6,35,52
2024-02-18,10:00:00,24.1,37,46
2024-02-18,11:00:00,26.7,37,46
2024-02-18,12:00:00,29.1,38,45
2024-02-18,13:00:00,26.9,37,45
2024-02-18,14:00:00,25.4,37,46
2024-02-18,15:00:00,20.4,36,51
2024-02-18,16:00:00,19.3,36,55
2024-02-18,17:00:00,22.5,35,59
2024-02-18,18:00:00,27.0,33,64
2024-02-18,19:00:00,28.6,33,66
2024-02-18,20:00:00,29.3,32,68
2024-02-18,21:00:00,26.7,32,69
2024-02-18,22:00:00,24.7,32,69
2024-02-18,23:00:00,21.3,32,71
2024-02-19,00:00:00,20.0,32,70
2024-02-19,01:00:00,19.6,31,69
2024-02-19,02:00:00,23.1,31,70
2024-02-19,03:00:00,24.7,31,70
2024-02-19,04:00:00,24.2,31,70
2024-02-19,05:00:00,21.8,31,72
2024-02-19,06:00:00,19.4,31,74
2024-02-19,07:00:00,19.9,31,71
2024-02-19,08:00:00,23.4,32,66
2024-02-19,09:00:00,24.4,36,56
2024-02-19,10:00:00,21.8,39,46
2024-02-19,11:00:00,26.8,38,47
2024-02-19,12:00:00,25.2,39,44
2024-02-19,13:00:00,23.4,39,43
2024-02-19,14:00:00,20.3,40,43
2024-02-19,15:00:00,15.7,38,45
2024-02-19,16:00:00,13.8,37,47
2024-02-19,17:00:00,10.5,37,51
2024-02-19,18:00:00,16.5,35,59
2024-02-19,19:00:00,25.1,33,63
2024-02-19,20:00:00,25.3,32,67
2024-02-19,21:00:00,25.9,32,71
2024-02-19,22:00:00,24.8,31,73
2024-02-19,23:00:00,19.6,30,75
2024-02-20,00:00:00,11.5,30,76
2024-02-20,01:00:00,6.8,30,80
2024-02-20,02:00:00,14.5,29,83
2024-02-20,03:00:00,20.8,29,87
2024-02-20,04:00:00,22.6,28,90
2024-02-20,05:00:00,20.4,28,91
2024-02-20,06:00:00,20.0,28,92
2024-02-20,07:00:00,17.4,30,84
2024-02-20,08:00:00,18.2,33,68
2024-02-20,09:00:00,20.9,36,57
2024-02-20,10:00:00,24.6,37,52
2024-02-20,11:00:00,23.9,39,44
2024-02-20,12:00:00,22.5,40,41
2024-02-20,13:00:00,21.0,39,49
2024-02-20,14:00:00,17.9,40,47
2024-02-20,15:00:00,15.8,40,46
2024-02-20,16:00:00,15.1,39,51
2024-02-20,17:00:00,18.4,34,73
2024-02-20,18:00:00,22.8,33,78
2024-02-20,19:00:00,22.5,32,81
2024-02-20,20:00:00,22.5,32,80
2024-02-20,21:00:00,20.1,31,78
2024-02-20,22:00:00,16.6,31,78
2024-02-20,23:00:00,12.8,30,84
2024-02-21,00:00:00,14.8,29,88
2024-02-21,01:00:00,20.2,29,88
2024-02-21,02:00:00,22.3,28,90
2024-02-21,03:00:00,19.8,28,91
2024-02-21,04:00:00,18.0,28,92
2024-02-21,05:00:00,17.8,27,94
2024-02-21,06:00:00,16.0,28,94
2024-02-21,07:00:00,15.0,30,82
2024-02-21,08:00:00,15.6,34,63
2024-02-21,09:00:00,17.8,35,55
2024-02-21,10:00:00,20.3,37,47
2024-02-21,11:00:00,20.4,39,38
2024-02-21,12:00:00,17.6,41,36
2024-02-21,13:00:00,16.0,40,43
2024-02-21,14:00:00,14.8,41,41
2024-02-21,15:00:00,15.1,40,40
2024-02-21,16:00:00,14.5,40,40
2024-02-21,17:00:00,17.1,39,49
2024-02-21,18:00:00,22.0,36,57
2024-02-21,19:00:00,24.6,35,54
2024-02-21,20:00:00,24.7,33,61
2024-02-21,21:00:00,22.7,32,67
2024-02-21,22:00:00,18.9,31,71
2024-02-21,23:00:00,19.6,30,75
2024-02-22,00:00:00,22.5,30,78
2024-02-22,01:00:00,24.9,29,81
2024-02-22,02:00:00,24.1,29,85
2024-02-22,03:00:00,21.8,28,86
2024-02-22,04:00:00,18.8,28,88
2024-02-22,05:00:00,17.8,28,90
2024-02-22,06:00:00,20.0,27,93
2024-02-22,07:00:00,21.4,29,84
2024-02-22,08:00:00,18.8,33,67
2024-02-22,09:00:00,18.8,36,51
2024-02-22,10:00:00,16.0,38,45
2024-02-22,11:00:00,16.4,40,39
2024-02-22,12:00:00,19.3,40,40
2024-02-22,13:00:00,19.3,39,44
2024-02-22,14:00:00,16.7,41,41
2024-02-22,15:00:00,14.9,39,43
2024-02-22,16:00:00,19.6,39,40
2024-02-22,17:00:00,20.5,38,42
2024-02-22,18:00:00,19.6,36,48
2024-02-22,19:00:00,19.4,33,57
2024-02-22,20:00:00,15.5,32,63
2024-02-22,21:00:00,9.6,31,66
2024-02-22,22:00:00,7.0,31,67
2024-02-22,23:00:00,5.3,31,70
2024-02-23,00:00:00,5.6,29,76
2024-02-23,01:00:00,9.2,29,80
2024-02-23,02:00:00,13.7,28,83
2024-02-23,03:00:00,14.1,27,87
2024-02-23,04:00:00,16.8,27,89
2024-02-23,05:00:00,15.8,26,92
2024-02-23,06:00:00,12.5,26,92
2024-02-23,07:00:00,11.1,29,83
2024-02-23,08:00:00,9.8,33,67
2024-02-23,09:00:00,12.1,35,55
2024-02-23,10:00:00,14.6,37,49
2024-02-23,11:00:00,16.8,38,45
2024-02-23,12:00:00,15.2,39,41
2024-02-23,13:00:00,14.9,40,37
2024-02-23,14:00:00,12.4,42,33
2024-02-23,15:00:00,11.8,42,33
2024-02-23,16:00:00,10.6,39,35
2024-02-23,17:00:00,11.8,37,39
2024-02-23,18:00:00,14.9,34,48
2024-02-23,19:00:00,13.1,33,54
2024-02-23,20:00:00,9.5,31,60
2024-02-23,21:00:00,7.5,30,66
2024-02-23,22:00:00,8.8,29,72
2024-02-23,23:00:00,10.3,29,72
2024-02-24,00:00:00,9.1,29,73
2024-02-24,01:00:00,12.5,29,75
2024-02-24,02:00:00,13.0,29,74
2024-02-24,03:00:00,11.9,29,74
2024-02-24,04:00:00,13.3,29,74
2024-02-24,05:00:00,12.3,28,74
2024-02-24,06:00:00,10.4,28,73
2024-02-24,07:00:00,9.0,30,67
2024-02-24,08:00:00,9.3,33,58
2024-02-24,09:00:00,10.9,34,50
2024-02-24,10:00:00,13.3,36,46
2024-02-24,11:00:00,15.2,38,39
2024-02-24,12:00:00,13.7,38,37
2024-02-24,13:00:00,12.0,39,34
2024-02-24,14:00:00,8.8,40,33
2024-02-24,15:00:00,8.5,39,33
2024-02-24,16:00:00,9.4,38,37
2024-02-24,17:00:00,12.6,37,43
2024-02-24,18:00:00,16.6,34,52
2024-02-24,19:00:00,15.2,33,56
2024-02-24,20:00:00,12.1,32,57
2024-02-24,21:00:00,8.7,31,59
2024-02-24,22:00:00,6.0,31,62
2024-02-24,23:00:00,5.4,30,66
2024-02-25,00:00:00,8.1,30,66
2024-02-25,01:00:00,18.0,30,68
2024-02-25,02:00:00,19.2,29,71
2024-02-25,03:00:00,15.0,28,74
2024-02-25,04:00:00,11.7,28,73
2024-02-25,05:00:00,9.1,29,69
2024-02-25,06:00:00,7.4,28,72
2024-02-25,07:00:00,8.7,30,66
2024-02-25,08:00:00,10.4,33,56
2024-02-25,09:00:00,14.1,35,49
2024-02-25,10:00:00,15.5,36,43
2024-02-25,11:00:00,17.8,38,37
2024-02-25,12:00:00,16.0,39,35
2024-02-25,13:00:00,15.9,40,34
2024-02-25,14:00:00,12.5,40,34
2024-02-25,15:00:00,13.7,39,36
2024-02-25,16:00:00,12.0,37,42
2024-02-25,17:00:00,15.0,37,46
2024-02-25,18:00:00,20.8,34,55
2024-02-25,19:00:00,25.9,32,62
2024-02-25,20:00:00,23.1,31,65
2024-02-25,21:00:00,21.3,31,66
2024-02-25,22:00:00,21.4,31,66
2024-02-25,23:00:00,22.6,30,67
2024-02-26,00:00:00,21.9,30,70
2024-02-26,01:00:00,20.9,29,73
2024-02-26,02:00:00,21.6,29,75
2024-02-26,03:00:00,20.9,29,75
2024-02-26,04:00:00,19.5,29,73
2024-02-26,05:00:00,17.3,29,70
2024-02-26,06:00:00,17.8,29,72
2024-02-26,07:00:00,19.1,31,68
2024-02-26,08:00:00,20.0,33,58
2024-02-26,09:00:00,26.2,34,52
2024-02-26,10:00:00,29.5,36,47
2024-02-26,11:00:00,30.9,37,42
2024-02-26,12:00:00,30.7,38,39
2024-02-26,13:00:00,30.2,38,38
2024-02-26,14:00:00,30.5,38,39
2024-02-26,15:00:00,28.3,39,38
2024-02-26,16:00:00,30.0,38,42
2024-02-26,17:00:00,32.6,37,46
2024-02-26,18:00:00,34.7,34,55
2024-02-26,19:00:00,32.0,33,58
2024-02-26,20:00:00,30.1,32,61
2024-02-26,21:00:00,25.9,31,64
2024-02-26,22:00:00,21.7,31,69
2024-02-26,23:00:00,21.7,30,70
2024-02-27,00:00:00,21.9,30,70
2024-02-27,01:00:00,20.2,29,71
2024-02-27,02:00:00,23.1,29,70
2024-02-27,03:00:00,27.2,29,68
2024-02-27,04:00:00,24.8,29,69
2024-02-27,05:00:00,19.1,29,71
2024-02-27,06:00:00,16.5,29,73
2024-02-27,07:00:00,15.1,30,69
2024-02-27,08:00:00,21.8,32,59
2024-02-27,09:00:00,24.9,34,50
2024-02-27,10:00:00,24.2,36,44
2024-02-27,11:00:00,21.7,37,39
2024-02-27,12:00:00,19.2,38,35
2024-02-27,13:00:00,17.7,38,35
2024-02-27,14:00:00,15.8,39,34
2024-02-27,15:00:00,15.8,39,36
2024-02-27,16:00:00,17.2,38,39
2024-02-27,17:00:00,22.6,36,46
2024-02-27,18:00:00,24.4,34,54
2024-02-27,19:00:00,22.8,32,61
2024-02-27,20:00:00,22.1,33,65
2024-02-27,21:00:00,19.1,33,65
2024-02-27,22:00:00,18.7,33,67
2024-02-27,23:00:00,19.5,32,69
2024-02-28,00:00:00,24.6,32,69
2024-02-28,01:00:00,30.9,32,72
2024-02-28,02:00:00,33.8,31,74
2024-02-28,03:00:00,28.5,31,74
2024-02-28,04:00:00,25.5,31,74
2024-02-28,05:00:00,21.4,31,74
2024-02-28,06:00:00,19.8,31,75
2024-02-28,07:00:00,20.0,32,71
2024-02-28,08:00:00,20.8,35,61
2024-02-28,09:00:00,23.4,37,51
2024-02-28,10:00:00,26.0,38,47
2024-02-28,11:00:00,25.2,39,42
2024-02-28,12:00:00,22.5,40,37
2024-02-28,13:00:00,19.3,41,33
2024-02-28,14:00:00,17.6,42,32
2024-02-28,15:00:00,14.9,42,34
2024-02-28,16:00:00,17.3,41,39
2024-02-28,17:00:00,23.4,39,45
2024-02-28,18:00:00,24.3,36,52
2024-02-28,19:00:00,26.8,34,58
2024-02-28,20:00:00,28.5,33,58
2024-02-28,21:00:00,25.2,33,59
2024-02-28,22:00:00,25.0,32,61
2024-02-28,23:00:00,26.7,32,63
2024-02-29,00:00:00,27.3,32,64
2024-02-29,01:00:00,25.4,31,64
2024-02-29,02:00:00,27.8,31,64
2024-02-29,03:00:00,27.2,31,65
2024-02-29,04:00:00,26.5,30,65
2024-02-29,05:00:00,23.7,31,64
2024-02-29,06:00:00,21.5,31,65
2024-02-29,07:00:00,18.4,32,59
2024-02-29,08:00:00,18.8,35,51
2024-02-29,09:00:00,19.5,36,47
2024-02-29,10:00:00,18.2,38,44
2024-02-29,11:00:00,19.3,39,39
2024-02-29,12:00:00,19.7,41,35
2024-02-29,13:00:00,18.2,41,34
2024-02-29,14:00:00,16.7,42,32
2024-02-29,15:00:00,19.2,42,33
2024-02-29,16:00:00,22.8,41,36
2024-02-29,17:00:00,26.2,40,40
2024-02-29,18:00:00,27.3,37,45
2024-02-29,19:00:00,24.9,36,51
2024-02-29,20:00:00,20.7,38,60
2024-02-29,21:00:00,20.0,37,66
2024-02-29,22:00:00,20.4,36,67
2024-02-29,23:00:00,20.9,35,69
2024-03-01,00:00:00,22.6,35,71
2024-03-01,01:00:00,29.8,34,73
2024-03-01,02:00:00,31.6,34,75
2024-03-01,03:00:00,32.1,34,75
2024-03-01,04:00:00,30.9,34,76
2024-03-01,05:00:00,28.9,33,77
2024-03-01,06:00:00,27.8,33,77
2024-03-01,07:00:00,26.1,35,72
2024-03-01,08:00:00,26.2,37,65
2024-03-01,09:00:00,27.1,38,60
2024-03-01,10:00:00,26.3,41,50
2024-03-01,11:00:00,26.8,42,45
2024-03-01,12:00:00,26.1,41,40
2024-03-01,13:00:00,22.6,41,44
2024-03-01,14:00:00,23.8,38,52
2024-03-01,15:00:00,26.0,39,50
2024-03-01,16:00:00,25.2,37,58
2024-03-01,17:00:00,29.8,37,55
2024-03-01,18:00:00,30.6,36,55
2024-03-01,19:00:00,29.2,34,59
2024-03-01,20:00:00,23.7,33,62
2024-03-01,21:00:00,20.7,33,66
2024-03-01,22:00:00,19.8,32,67
2024-03-01,23:00:00,20.1,32,70
2024-03-02,00:00:00,22.1,32,71
2024-03-02,01:00:00,27.6,30,77
2024-03-02,02:00:00,26.5,31,74
2024-03-02,03:00:00,25.2,31,74
2024-03-02,04:00:00,23.1,31,74
2024-03-02,05:00:00,19.2,31,74
2024-03-02,06:00:00,18.8,31,75
2024-03-02,07:00:00,17.2,32,70
2024-03-02,08:00:00,19.4,32,63
2024-03-02,09:00:00,23.0,34,57
2024-03-02,10:00:00,23.3,36,50
2024-03-02,11:00:00,24.3,37,45
2024-03-02,12:00:00,22.9,38,42
2024-03-02,13:00:00,20.9,38,40
2024-03-02,14:00:00,19.0,39,42
2024-03-02,15:00:00,22.0,38,45
2024-03-02,16:00:00,26.8,37,50
2024-03-02,17:00:00,27.0,35,55
2024-03-02,18:00:00,31.0,32,66
2024-03-02,19:00:00,32.4,32,67
2024-03-02,20:00:00,27.7,32,68
2024-03-02,21:00:00,25.9,31,69
2024-03-02,22:00:00,24.4,31,70
2024-03-02,23:00:00,26.2,31,71
2024-03-03,00:00:00,27.7,30,72
2024-03-03,01:00:00,28.4,30,73
2024-03-03,02:00:00,28.5,30,75
2024-03-03,03:00:00,27.9,30,75
2024-03-03,04:00:00,25.2,30,75
2024-03-03,05:00:00,22.1,30,74
2024-03-03,06:00:00,22.1,30,73
2024-03-03,07:00:00,21.0,30,73
2024-03-03,08:00:00,21.6,32,67
2024-03-03,09:00:00,23.6,34,59
2024-03-03,10:00:00,23.1,34,57
2024-03-03,11:00:00,23.4,36,51
2024-03-03,12:00:00,17.9,37,47
2024-03-03,13:00:00,16.8,37,46
2024-03-03,14:00:00,19.4,34,61
2024-03-03,15:00:00,16.1,37,50
2024-03-03,16:00:00,15.8,37,50
2024-03-03,17:00:00,21.8,36,53
2024-03-03,18:00:00,26.2,33,55
2024-03-03,19:00:00,26.4,32,58
2024-03-03,20:00:00,23.6,31,62
2024-03-03,21:00:00,22.8,31,62
2024-03-03,22:00:00,21.7,30,64
2024-03-03,23:00:00,21.1,30,66
2024-03-04,00:00:00,23.2,30,69
2024-03-04,01:00:00,20.9,29,71
2024-03-04,02:00:00,22.1,29,72
2024-03-04,03:00:00,24.1,29,74
2024-03-04,04:00:00,23.3,28,76
2024-03-04,05:00:00,23.8,28,78
2024-03-04,06:00:00,24.0,28,79
2024-03-04,07:00:00,24.2,30,72
2024-03-04,08:00:00,25.8,33,60
2024-03-04,09:00:00,28.0,35,51
2024-03-04,10:00:00,29.7,37,46
2024-03-04,11:00:00,34.0,37,44
2024-03-04,12:00:00,30.9,38,40
2024-03-04,13:00:00,29.6,39,38
2024-03-04,14:00:00,29.3,39,41
2024-03-04,15:00:00,33.0,37,46
2024-03-04,16:00:00,31.3,38,41
2024-03-04,17:00:00,32.3,37,45
2024-03-04,18:00:00,33.4,34,55
2024-03-04,19:00:00,31.3,32,61
2024-03-04,20:00:00,24.8,31,65
2024-03-04,21:00:00,22.4,30,69
2024-03-04,22:00:00,20.5,29,72
2024-03-04,23:00:00,19.9,29,77
2024-03-05,00:00:00,21.6,28,80
2024-03-05,01:00:00,22.6,28,82
2024-03-05,02:00:00,21.1,28,83
2024-03-05,03:00:00,20.6,27,85
2024-03-05,04:00:00,20.3,27,87
2024-03-05,05:00:00,22.8,27,89
2024-03-05,06:00:00,24.0,27,90
2024-03-05,07:00:00,26.2,28,84
2024-03-05,08:00:00,28.1,31,70
2024-03-05,09:00:00,29.3,34,58
2024-03-05,10:00:00,33.7,36,51
2024-03-05,11:00:00,38.2,36,48
2024-03-05,12:00:00,34.9,37,45
2024-03-05,13:00:00,33.5,38,44
2024-03-05,14:00:00,34.8,37,51
2024-03-05,15:00:00,30.5,35,57
2024-03-05,16:00:00,28.9,37,50
2024-03-05,17:00:00,29.2,35,54
2024-03-05,18:00:00,32.9,34,50
2024-03-05,19:00:00,34.5,32,57
2024-03-05,20:00:00,33.4,31,62
2024-03-05,21:00:00,32.8,30,66
2024-03-05,22:00:00,31.3,29,69
2024-03-05,23:00:00,29.4,28,74
2024-03-06,00:00:00,26.5,27,78
2024-03-06,01:00:00,24.0,27,81
2024-03-06,02:00:00,23.1,27,85
2024-03-06,03:00:00,23.0,27,86
2024-03-06,04:00:00,21.4,27,85
2024-03-06,05:00:00,20.7,27,84
2024-03-06,06:00:00,23.8,27,84
2024-03-06,07:00:00,24.4,27,81
2024-03-06,08:00:00,25.4,31,67
2024-03-06,09:00:00,27.6,33,57
2024-03-06,10:00:00,31.2,35,51
2024-03-06,11:00:00,31.7,35,51
2024-03-06,12:00:00,29.7,35,47
2024-03-06,13:00:00,27.5,35,48
2024-03-06,14:00:00,23.6,36,48
2024-03-06,15:00:00,23.7,36,49
2024-03-06,16:00:00,25.4,35,52
2024-03-06,17:00:00,28.0,34,55
2024-03-06,18:00:00,29.2,33,59
2024-03-06,19:00:00,31.5,31,71
2024-03-06,20:00:00,28.0,31,75
2024-03-06,21:00:00,24.3,30,78
2024-03-06,22:00:00,25.0,29,81
2024-03-06,23:00:00,26.2,29,83
2024-03-07,00:00:00,29.5,29,83
2024-03-07,01:00:00,33.2,28,86
2024-03-07,02:00:00,35.6,28,90
2024-03-07,03:00:00,38.4,27,89
2024-03-07,04:00:00,38.5,27,91
2024-03-07,05:00:00,41.4,26,92
2024-03-07,06:00:00,39.6,26,93
2024-03-07,07:00:00,37.8,28,87
2024-03-07,08:00:00,39.1,31,72
2024-03-07,09:00:00,37.5,34,61
2024-03-07,10:00:00,36.1,36,47
2024-03-07,11:00:00,32.3,38,38
2024-03-07,12:00:00,29.6,37,45
2024-03-07,13:00:00,30.9,37,50
2024-03-07,14:00:00,27.2,37,53
2024-03-07,15:00:00,27.8,35,56
2024-03-07,16:00:00,28.1,35,54
2024-03-07,17:00:00,30.4,33,58
2024-03-07,18:00:00,32.0,32,68
2024-03-07,19:00:00,33.7,31,73
2024-03-07,20:00:00,29.9,30,77
2024-03-07,21:00:00,29.6,30,79
2024-03-07,22:00:00,31.4,29,83
2024-03-07,23:00:00,31.8,29,85
2024-03-08,00:00:00,35.4,28,88
2024-03-08,01:00:00,39.8,28,91
2024-03-08,02:00:00,38.1,27,93
2024-03-08,03:00:00,36.0,27,92
2024-03-08,04:00:00,33.4,26,93
2024-03-08,05:00:00,32.6,26,93
2024-03-08,06:00:00,32.1,26,92
2024-03-08,07:00:00,34.2,27,89
2024-03-08,08:00:00,39.0,29,81
2024-03-08,09:00:00,44.7,32,68
2024-03-08,10:00:00,49.9,34,56
2024-03-08,11:00:00,46.8,35,51
2024-03-08,12:00:00,41.1,35,52
2024-03-08,13:00:00,37.2,36,52
2024-03-08,14:00:00,37.3,36,49
2024-03-08,15:00:00,38.3,36,49
2024-03-08,16:00:00,41.3,34,55
2024-03-08,17:00:00,39.4,34,55
2024-03-08,18:00:00,34.4,33,55
2024-03-08,19:00:00,28.5,31,58
2024-03-08,20:00:00,23.4,30,64
2024-03-08,21:00:00,22.8,30,69
2024-03-08,22:00:00,22.5,29,71
2024-03-08,23:00:00,20.0,29,73
2024-03-09,00:00:00,18.4,28,75
2024-03-09,01:00:00,18.8,28,76
2024-03-09,02:00:00,20.3,27,81
2024-03-09,03:00:00,21.4,26,85
2024-03-09,04:00:00,14.4,26,86
2024-03-09,05:00:00,12.2,26,88
2024-03-09,06:00:00,12.6,25,88
2024-03-09,07:00:00,8.3,27,77
2024-03-09,08:00:00,16.9,32,57
2024-03-09,09:00:00,15.5,33,49
2024-03-09,10:00:00,15.7,33,50
2024-03-09,11:00:00,16.6,33,53
2024-03-09,12:00:00,16.0,34,51
2024-03-09,13:00:00,14.3,35,50
2024-03-09,14:00:00,13.9,34,53
2024-03-09,15:00:00,14.5,29,79
2024-03-09,16:00:00,12.6,29,75
2024-03-09,17:00:00,6.1,30,76
2024-03-09,18:00:00,6.3,30,72
2024-03-09,19:00:00,9.6,29,74
2024-03-09,20:00:00,12.9,29,77
2024-03-09,21:00:00,14.4,29,78
2024-03-09,22:00:00,15.1,29,78
2024-03-09,23:00:00,15.4,28,78
2024-03-10,00:00:00,16.0,28,80
2024-03-10,01:00:00,15.1,28,80
2024-03-10,02:00:00,11.6,28,83
2024-03-10,03:00:00,11.5,27,86
2024-03-10,04:00:00,12.4,27,87
2024-03-10,05:00:00,16.4,27,88
2024-03-10,06:00:00,19.0,29,88
2024-03-10,07:00:00,21.0,30,79
2024-03-10,08:00:00,23.2,33,67
2024-03-10,09:00:00,28.5,33,63
2024-03-10,10:00:00,35.4,35,57
2024-03-10,11:00:00,38.2,37,47
2024-03-10,12:00:00,36.2,38,44
2024-03-10,13:00:00,34.8,40,38
2024-03-10,14:00:00,36.3,40,35
2024-03-10,15:00:00,39.6,40,35
2024-03-10,16:00:00,38.8,38,40
2024-03-10,17:00:00,49.4,36,44
2024-03-10,18:00:00,48.9,34,49
2024-03-10,19:00:00,44.0,33,53
2024-03-10,20:00:00,45.0,31,58
2024-03-10,21:00:00,44.3,31,59
2024-03-10,22:00:00,42.3,30,62
2024-03-10,23:00:00,40.3,30,64
2024-03-11,00:00:00,41.2,29,71
2024-03-11,01:00:00,39.7,28,77
2024-03-11,02:00:00,35.6,28,79
2024-03-11,03:00:00,32.3,28,80
2024-03-11,04:00:00,33.1,28,84
2024-03-11,05:00:00,36.8,27,84
2024-03-11,06:00:00,37.6,27,82
2024-03-11,07:00:00,43.6,29,75
2024-03-11,08:00:00,41.2,33,61
2024-03-11,09:00:00,29.4,34,50
2024-03-11,10:00:00,26.9,36,43
2024-03-11,11:00:00,25.4,38,36
2024-03-11,12:00:00,23.7,39,33
2024-03-11,13:00:00,24.1,41,30
2024-03-11,14:00:00,25.1,41,27
2024-03-11,15:00:00,25.8,41,27
2024-03-11,16:00:00,25.6,39,32
2024-03-11,17:00:00,22.7,39,38
2024-03-11,18:00:00,20.2,37,47
2024-03-11,19:00:00,21.9,33,54
2024-03-11,20:00:00,21.5,32,61
2024-03-11,21:00:00,23.3,31,66
2024-03-11,22:00:00,24.2,31,67
2024-03-11,23:00:00,23.6,30,71
2024-03-12,00:00:00,21.9,29,75
2024-03-12,01:00:00,20.2,28,79
2024-03-12,02:00:00,19.6,28,84
2024-03-12,03:00:00,19.9,27,88
2024-03-12,04:00:00,20.1,27,88
2024-03-12,05:00:00,20.2,26,90
2024-03-12,06:00:00,21.6,27,84
2024-03-12,07:00:00,22.3,29,79
2024-03-12,08:00:00,24.1,32,65
2024-03-12,09:00:00,23.3,35,49
2024-03-12,10:00:00,22.1,38,39
2024-03-12,11:00:00,21.6,40,33
2024-03-12,12:00:00,22.2,39,45
2024-03-12,13:00:00,23.5,39,41
2024-03-12,14:00:00,24.6,40,37
2024-03-12,15:00:00,25.3,39,37
2024-03-12,16:00:00,24.9,39,38
2024-03-12,17:00:00,24.2,35,48
2024-03-12,18:00:00,22.3,33,59
2024-03-12,19:00:00,19.9,31,64
2024-03-12,20:00:00,20.0,31,65
2024-03-12,21:00:00,20.6,31,67
2024-03-12,22:00:00,23.4,30,69
2024-03-12,23:00:00,23.7,29,71
